study,variant,seed,run_dir,mean_expost_profit,mean_profit,mean_volume_penalty,mean_si_penalty,mean_turbine_hours,mean_pump_hours,mean_idle_hours,std_expost_profit,train_wall_s,benchmark_policy_inference_ms_per_day,benchmark_exact_eval_ms_per_day,grad_norm_mean,grad_norm_std,grad_norm_cv,near_zero_grad_frac,late_to_early_grad_ratio,best_dev_epoch,dev_expost_slope_tail
architecture,bilstm,0,abl_arch_bilstm_hs128_nl3_ff256_cluster_balanced_bs32_lr0.0003_gc1_wd0.005_do0.2_adamw_warmup_cosine_two_stage_tau0.08_cop0.4_siw1_tvw1_vw2_sf1.5_vwslate_ramp_hp50_vtp50_hls1_hus1_vls1_vus1_seed0,2310.0402462542233,2957.2758325680293,667.466252002132,-20.230665688326486,13.68421052631579,10.31578947368421,0.0,1243.8676382038952,127.29920037499687,4.661003736193954,19.75638410467103,323718.83041432337,188311.27489689866,0.5817124529205842,0.0,1.6289806991799194,25,13.426929200479742
architecture,bilstm,1,abl_arch_bilstm_hs128_nl3_ff256_cluster_balanced_bs32_lr0.0003_gc1_wd0.005_do0.2_adamw_warmup_cosine_two_stage_tau0.08_cop0.4_siw1_tvw1_vw2_sf1.5_vwslate_ramp_hp50_vtp50_hls1_hus1_vls1_vus1_seed1,2331.9631146494353,3278.405524587672,982.4971276136844,-36.054717675447456,14.894736842105264,8.736842105263158,0.3684210526315789,1375.683101081095,126.07819330500206,4.499779578365729,20.056713947652543,562304.3641168926,783901.2586035563,1.3940870970025014,0.0,0.21630466655618436,25,73.20089729095713
architecture,bilstm,10,abl_arch_bilstm_hs128_nl3_ff256_cluster_balanced_bs32_lr0.0003_gc1_wd0.005_do0.2_adamw_warmup_cosine_two_stage_tau0.08_cop0.4_siw1_tvw1_vw2_sf1.5_vwslate_ramp_hp50_vtp50_hls1_hus1_vls1_vus1_seed10,2417.15957511102,3018.356733916149,664.927582445518,-63.7304236403892,15.631578947368421,8.31578947368421,0.05263157894736842,1327.1555081175381,127.13807672300027,4.200471210568043,18.44381636838558,240027.90055571828,116132.2885009443,0.48382828926167365,0.0,1.5554593324335853,10,61.63180737214598
architecture,bilstm,11,abl_arch_bilstm_hs128_nl3_ff256_cluster_balanced_bs32_lr0.0003_gc1_wd0.005_do0.2_adamw_warmup_cosine_two_stage_tau0.08_cop0.4_siw1_tvw1_vw2_sf1.5_vwslate_ramp_hp50_vtp50_hls1_hus1_vls1_vus1_seed11,2131.7802415033766,3178.987102202298,1091.079803915797,-43.87294321687598,15.210526315789474,8.31578947368421,0.47368421052631576,1409.6545655556672,125.41638550200014,4.171195263073682,19.834549368433247,157681.2966143355,138096.9940946235,0.8757981895112631,0.0,1.7745546926531957,25,45.94221904572917
architecture,bilstm,12,abl_arch_bilstm_hs128_nl3_ff256_cluster_balanced_bs32_lr0.0003_gc1_wd0.005_do0.2_adamw_warmup_cosine_two_stage_tau0.08_cop0.4_siw1_tvw1_vw2_sf1.5_vwslate_ramp_hp50_vtp50_hls1_hus1_vls1_vus1_seed12,2368.8821672312424,3096.9956465727623,744.922152443434,-16.808673101914554,14.105263157894736,9.421052631578947,0.47368421052631576,1362.2419234425854,126.51347322999982,4.330127631587139,19.3757163157754,176899.35349883157,93782.77155129403,0.530147621776998,0.0,1.0200879819372108,20,-21.30557872730386
architecture,bilstm,13,abl_arch_bilstm_hs128_nl3_ff256_cluster_balanced_bs32_lr0.0003_gc1_wd0.005_do0.2_adamw_warmup_cosine_two_stage_tau0.08_cop0.4_siw1_tvw1_vw2_sf1.5_vwslate_ramp_hp50_vtp50_hls1_hus1_vls1_vus1_seed13,2401.643261226994,2924.5885213734273,577.0610805165304,-54.115820370096905,14.421052631578947,9.31578947368421,0.2631578947368421,1248.81339883043,126.49437322799986,4.154833157898745,20.381299157945346,202110.6646257843,122669.14331725903,0.6069404776060962,0.0,1.1861905200765486,20,-41.23086041439647
architecture,bilstm,14,abl_arch_bilstm_hs128_nl3_ff256_cluster_balanced_bs32_lr0.0003_gc1_wd0.005_do0.2_adamw_warmup_cosine_two_stage_tau0.08_cop0.4_siw1_tvw1_vw2_sf1.5_vwslate_ramp_hp50_vtp50_hls1_hus1_vls1_vus1_seed14,2574.6001172828096,3012.0925419259884,458.87484198389586,-21.382417340717815,13.631578947368421,9.736842105263158,0.631578947368421,1378.3527657541224,125.79579535699986,4.114897421076373,19.999437210500265,383982.2667683504,395995.5008967253,1.031285908668335,0.0,0.40928456299292376,25,43.19631269193608
architecture,bilstm,15,abl_arch_bilstm_hs128_nl3_ff256_cluster_balanced_bs32_lr0.0003_gc1_wd0.005_do0.2_adamw_warmup_cosine_two_stage_tau0.08_cop0.4_siw1_tvw1_vw2_sf1.5_vwslate_ramp_hp50_vtp50_hls1_hus1_vls1_vus1_seed15,2200.1563710466353,2506.598908625993,304.2962442794059,2.1462932999510524,12.894736842105264,11.105263157894736,0.0,1059.719807835708,221.4071046379995,5.442718263303074,53.31758131595914,300921.2716477873,189058.18517133995,0.6282646093315155,0.0,2.37275602395638,20,-21.143346638120786
architecture,bilstm,16,abl_arch_bilstm_hs128_nl3_ff256_cluster_balanced_bs32_lr0.0003_gc1_wd0.005_do0.2_adamw_warmup_cosine_two_stage_tau0.08_cop0.4_siw1_tvw1_vw2_sf1.5_vwslate_ramp_hp50_vtp50_hls1_hus1_vls1_vus1_seed16,2196.5211981193006,2859.712422875296,682.2529748105428,-19.06175005454766,13.263157894736842,10.68421052631579,0.05263157894736842,1271.5395551678378,269.4510508809999,8.5440581053837,65.85007836838486,365052.5140765186,206750.94423465728,0.5663594586046878,0.0,1.8280390575384156,25,33.692514536910494
architecture,bilstm,17,abl_arch_bilstm_hs128_nl3_ff256_cluster_balanced_bs32_lr0.0003_gc1_wd0.005_do0.2_adamw_warmup_cosine_two_stage_tau0.08_cop0.4_siw1_tvw1_vw2_sf1.5_vwslate_ramp_hp50_vtp50_hls1_hus1_vls1_vus1_seed17,2566.2756772988564,2837.185525490739,285.53078747343454,-14.620939281551465,13.105263157894736,9.842105263157896,1.0526315789473684,1199.0728857125412,268.26974159899873,5.804876210516484,54.15112431585026,162638.43232920297,99371.33410858878,0.6109954005671137,0.0,1.1000324860943271,25,28.479196551177406
architecture,bilstm,18,abl_arch_bilstm_hs128_nl3_ff256_cluster_balanced_bs32_lr0.0003_gc1_wd0.005_do0.2_adamw_warmup_cosine_two_stage_tau0.08_cop0.4_siw1_tvw1_vw2_sf1.5_vwslate_ramp_hp50_vtp50_hls1_hus1_vls1_vus1_seed18,2360.9955292501454,3082.038728089407,783.8807408877663,-62.837542048504474,15.368421052631579,8.578947368421053,0.05263157894736842,1477.8753627341528,267.0092370829989,8.524450631643719,64.25779105254486,361810.3259629475,305995.02621142403,0.8457332592623699,0.0,0.9471330001922311,20,-24.837724364043808
architecture,bilstm,19,abl_arch_bilstm_hs128_nl3_ff256_cluster_balanced_bs32_lr0.0003_gc1_wd0.005_do0.2_adamw_warmup_cosine_two_stage_tau0.08_cop0.4_siw1_tvw1_vw2_sf1.5_vwslate_ramp_hp50_vtp50_hls1_hus1_vls1_vus1_seed19,2393.751249375157,3088.5123572625207,721.5198324450894,-26.75872455772601,14.631578947368421,8.947368421052632,0.42105263157894735,1457.8718471978611,124.09904928600008,4.097681527032125,20.057450579770375,223278.98557548545,148643.72261148965,0.665730911614325,0.0,0.7373238633796156,25,58.91057697729013
architecture,bilstm,2,abl_arch_bilstm_hs128_nl3_ff256_cluster_balanced_bs32_lr0.0003_gc1_wd0.005_do0.2_adamw_warmup_cosine_two_stage_tau0.08_cop0.4_siw1_tvw1_vw2_sf1.5_vwslate_ramp_hp50_vtp50_hls1_hus1_vls1_vus1_seed2,2396.3041247214146,3029.6437726334525,679.2149396815424,-45.87529176950456,15.842105263157896,8.157894736842104,0.0,1182.2082150703384,127.19415364800079,5.172164052629868,19.326937790442333,348582.31644861976,216527.01682865166,0.6211646621510912,0.0,2.2237251746945828,10,6.32391024496097
architecture,bilstm,20,abl_arch_bilstm_hs128_nl3_ff256_cluster_balanced_bs32_lr0.0003_gc1_wd0.005_do0.2_adamw_warmup_cosine_two_stage_tau0.08_cop0.4_siw1_tvw1_vw2_sf1.5_vwslate_ramp_hp50_vtp50_hls1_hus1_vls1_vus1_seed20,2526.7686861782195,3043.9384629908855,570.9489798328738,-53.77920302020877,15.052631578947368,8.947368421052632,0.0,1238.3483884455402,124.85852051600159,4.194225368433092,18.421574053048204,195814.79982988254,120678.95046143571,0.6162912638180444,0.0,0.7299913867780622,10,3.381758533800231
architecture,bilstm,21,abl_arch_bilstm_hs128_nl3_ff256_cluster_balanced_bs32_lr0.0003_gc1_wd0.005_do0.2_adamw_warmup_cosine_two_stage_tau0.08_cop0.4_siw1_tvw1_vw2_sf1.5_vwslate_ramp_hp50_vtp50_hls1_hus1_vls1_vus1_seed21,2361.678551884876,3080.018184048462,763.0178092636922,-44.67817710010629,15.842105263157896,8.157894736842104,0.0,1243.2820716683711,124.11719110000195,3.89417863104762,17.60705478935913,281229.5197870614,201638.81863001845,0.716990231973846,0.0,1.1176733998154342,10,46.71056596030952
architecture,bilstm,22,abl_arch_bilstm_hs128_nl3_ff256_cluster_balanced_bs32_lr0.0003_gc1_wd0.005_do0.2_adamw_warmup_cosine_two_stage_tau0.08_cop0.4_siw1_tvw1_vw2_sf1.5_vwslate_ramp_hp50_vtp50_hls1_hus1_vls1_vus1_seed22,2581.6170161144996,2981.7225435551645,419.43717326839766,-19.33164582773259,13.631578947368421,9.526315789473685,0.8421052631578947,1278.354749398965,120.4831792709956,4.283936052448361,18.96381710302146,214481.4259487203,158382.9796464415,0.7384461332530902,0.0,0.8410830770233177,25,3.9789336732525977
architecture,bilstm,23,abl_arch_bilstm_hs128_nl3_ff256_cluster_balanced_bs32_lr0.0003_gc1_wd0.005_do0.2_adamw_warmup_cosine_two_stage_tau0.08_cop0.4_siw1_tvw1_vw2_sf1.5_vwslate_ramp_hp50_vtp50_hls1_hus1_vls1_vus1_seed23,2609.629965617136,2737.7410514622875,150.09782684280492,-21.986740997653257,13.789473684210526,9.736842105263158,0.47368421052631576,1234.9624193683312,126.42877062800108,4.69414763210807,18.112939000083745,191186.91145202442,126803.41895572217,0.6632432000322451,0.0,0.6877524821162626,20,-10.66061190543527
architecture,bilstm,24,abl_arch_bilstm_hs128_nl3_ff256_cluster_balanced_bs32_lr0.0003_gc1_wd0.005_do0.2_adamw_warmup_cosine_two_stage_tau0.08_cop0.4_siw1_tvw1_vw2_sf1.5_vwslate_ramp_hp50_vtp50_hls1_hus1_vls1_vus1_seed24,2413.5076351305147,3109.0683452721664,727.8911683506012,-32.33045820894995,14.31578947368421,9.210526315789474,0.47368421052631576,1443.568765410856,133.08903038900462,4.874421526006986,20.56866084182586,218061.163628308,148367.94518188978,0.6803960077677451,0.0,0.8501194869694629,25,49.6455100512206
architecture,bilstm,25,abl_arch_bilstm_hs128_nl3_ff256_cluster_balanced_bs32_lr0.0003_gc1_wd0.005_do0.2_adamw_warmup_cosine_two_stage_tau0.08_cop0.4_siw1_tvw1_vw2_sf1.5_vwslate_ramp_hp50_vtp50_hls1_hus1_vls1_vus1_seed25,2125.636105322934,2592.236212749644,484.8956141282416,-18.29550670153216,13.052631578947368,10.947368421052632,0.0,1196.0841671907588,135.3418962539945,5.080992631663225,24.300250158136663,389174.27693335584,207915.3407395483,0.5342473875146501,0.0,1.2778089987735788,25,49.40536218580818
architecture,bilstm,26,abl_arch_bilstm_hs128_nl3_ff256_cluster_balanced_bs32_lr0.0003_gc1_wd0.005_do0.2_adamw_warmup_cosine_two_stage_tau0.08_cop0.4_siw1_tvw1_vw2_sf1.5_vwslate_ramp_hp50_vtp50_hls1_hus1_vls1_vus1_seed26,2493.023058525924,3253.5342563258578,778.6504795227432,-18.139281722809137,13.842105263157896,9.368421052631579,0.7894736842105263,1433.5348853991159,145.34552035899833,4.090807527781611,18.197081632694648,203514.30365393884,114313.25201835718,0.5616964015106205,0.0,0.8677508604480968,25,5.301804661886526
architecture,bilstm,27,abl_arch_bilstm_hs128_nl3_ff256_cluster_balanced_bs32_lr0.0003_gc1_wd0.005_do0.2_adamw_warmup_cosine_two_stage_tau0.08_cop0.4_siw1_tvw1_vw2_sf1.5_vwslate_ramp_hp50_vtp50_hls1_hus1_vls1_vus1_seed27,2522.0076869438353,2685.2097452940843,175.6354278380245,-12.433369487775,13.736842105263158,10.157894736842104,0.10526315789473684,1186.5568704988325,127.12439060000179,5.2902317903844,23.636131893190875,236497.75252957575,124657.9595480983,0.5270999754321509,0.0,2.116255430659143,25,29.92788958181723
architecture,bilstm,28,abl_arch_bilstm_hs128_nl3_ff256_cluster_balanced_bs32_lr0.0003_gc1_wd0.005_do0.2_adamw_warmup_cosine_two_stage_tau0.08_cop0.4_siw1_tvw1_vw2_sf1.5_vwslate_ramp_hp50_vtp50_hls1_hus1_vls1_vus1_seed28,2286.7793726813966,2872.3445400659157,602.9632481105659,-17.39808072604631,13.0,10.894736842105264,0.10526315789473684,1392.029639156031,123.90328189600405,5.102688631220524,22.34567236844573,435264.9373718242,302310.9331601234,0.6945446490257379,0.0,2.395274597294686,25,26.95548714648342
architecture,bilstm,29,abl_arch_bilstm_hs128_nl3_ff256_cluster_balanced_bs32_lr0.0003_gc1_wd0.005_do0.2_adamw_warmup_cosine_two_stage_tau0.08_cop0.4_siw1_tvw1_vw2_sf1.5_vwslate_ramp_hp50_vtp50_hls1_hus1_vls1_vus1_seed29,2130.537318118757,2538.8887415197914,409.98997651516004,-1.638553114125603,12.368421052631579,11.578947368421053,0.05263157894736842,1274.6311865075454,129.7695197139983,4.695994421030934,23.231014527003648,371979.32070292125,277290.6035329872,0.7454462871995066,0.0,1.3756496262579327,25,43.13660397905536
architecture,bilstm,3,abl_arch_bilstm_hs128_nl3_ff256_cluster_balanced_bs32_lr0.0003_gc1_wd0.005_do0.2_adamw_warmup_cosine_two_stage_tau0.08_cop0.4_siw1_tvw1_vw2_sf1.5_vwslate_ramp_hp50_vtp50_hls1_hus1_vls1_vus1_seed3,2528.3439849990027,3030.881767252002,523.7572093539843,-21.219427100984674,13.842105263157896,9.578947368421053,0.5789473684210527,1383.8405932659587,128.14107806099491,4.618303946029444,18.72877531461295,162921.9001733847,136991.04880271808,0.8408387617436913,0.0,1.1309401198463223,20,-20.02170524930886
architecture,bilstm,30,abl_arch_bilstm_hs128_nl3_ff256_cluster_balanced_bs32_lr0.0003_gc1_wd0.005_do0.2_adamw_warmup_cosine_two_stage_tau0.08_cop0.4_siw1_tvw1_vw2_sf1.5_vwslate_ramp_hp50_vtp50_hls1_hus1_vls1_vus1_seed30,2240.1156080427813,3252.2849894008277,1061.6014083889788,-49.43202703093228,15.0,8.263157894736842,0.7368421052631579,1354.271497793486,127.67552773300122,4.4187997899777995,18.880863895710238,185384.47038230434,111225.57615587283,0.5999724568433416,0.0,0.8144303301746247,20,-3.831718750857969
architecture,bilstm,31,abl_arch_bilstm_hs128_nl3_ff256_cluster_balanced_bs32_lr0.0003_gc1_wd0.005_do0.2_adamw_warmup_cosine_two_stage_tau0.08_cop0.4_siw1_tvw1_vw2_sf1.5_vwslate_ramp_hp50_vtp50_hls1_hus1_vls1_vus1_seed31,2539.9569444532967,2948.954555534424,472.81283320273013,-63.81522212160261,15.631578947368421,8.368421052631579,0.0,1220.7447069691257,126.17300514700037,4.169231527684085,19.180349841343215,227252.99762057076,196158.9422957633,0.8631742786657399,0.0,2.171612189415653,10,-4.503490902994014
architecture,bilstm,32,abl_arch_bilstm_hs128_nl3_ff256_cluster_balanced_bs32_lr0.0003_gc1_wd0.005_do0.2_adamw_warmup_cosine_two_stage_tau0.08_cop0.4_siw1_tvw1_vw2_sf1.5_vwslate_ramp_hp50_vtp50_hls1_hus1_vls1_vus1_seed32,2433.1788051347953,3066.3169981660817,650.6484139917908,-17.510220960504128,13.421052631578947,9.947368421052632,0.631578947368421,1339.760093540746,127.0160872139968,4.168236473464947,19.661519947955018,269470.3526438051,136405.6943038818,0.50619926446672,0.0,1.113320116352709,20,-26.4734655955699
architecture,bilstm,33,abl_arch_bilstm_hs128_nl3_ff256_cluster_balanced_bs32_lr0.0003_gc1_wd0.005_do0.2_adamw_warmup_cosine_two_stage_tau0.08_cop0.4_siw1_tvw1_vw2_sf1.5_vwslate_ramp_hp50_vtp50_hls1_hus1_vls1_vus1_seed33,2549.8685645463133,3121.2414350326367,606.2868626941898,-34.91399220786597,14.31578947368421,9.263157894736842,0.42105263157894735,1483.2832533766677,124.72973446199467,5.0608194731849885,20.779693842709285,204916.85831956955,132895.44400844423,0.6485334837663413,0.0,0.5993651111864786,25,1.9219354879702977
architecture,bilstm,34,abl_arch_bilstm_hs128_nl3_ff256_cluster_balanced_bs32_lr0.0003_gc1_wd0.005_do0.2_adamw_warmup_cosine_two_stage_tau0.08_cop0.4_siw1_tvw1_vw2_sf1.5_vwslate_ramp_hp50_vtp50_hls1_hus1_vls1_vus1_seed34,2630.2282012597298,2952.907109351491,352.3413803730291,-29.662472281267775,13.526315789473685,9.894736842105264,0.5789473684210527,1361.467932124069,120.95863637299044,4.207385314849058,16.82014278929656,200427.1420864273,118762.1901134053,0.5925454450784574,0.0,0.7797717811575433,25,10.42907692811329
architecture,bilstm,35,abl_arch_bilstm_hs128_nl3_ff256_cluster_balanced_bs32_lr0.0003_gc1_wd0.005_do0.2_adamw_warmup_cosine_two_stage_tau0.08_cop0.4_siw1_tvw1_vw2_sf1.5_vwslate_ramp_hp50_vtp50_hls1_hus1_vls1_vus1_seed35,2448.427947185412,2870.514836486221,468.49461336822117,-46.40772406741192,15.526315789473685,8.473684210526315,0.0,1330.4731506213554,121.26004932798969,4.421307156965333,19.08822679022131,172940.97677124903,101662.43330493575,0.5878446809017726,0.0,0.863835947075065,10,-1.2318508748266956
architecture,bilstm,36,abl_arch_bilstm_hs128_nl3_ff256_cluster_balanced_bs32_lr0.0003_gc1_wd0.005_do0.2_adamw_warmup_cosine_two_stage_tau0.08_cop0.4_siw1_tvw1_vw2_sf1.5_vwslate_ramp_hp50_vtp50_hls1_hus1_vls1_vus1_seed36,2432.345442476991,2916.2174927672713,498.44516513170424,-14.573114841423537,13.526315789473685,10.157894736842104,0.3157894736842105,1131.946658243459,122.10848769400036,4.233801474727347,18.406283736112528,336533.9906683759,228866.71522943684,0.6800701313257966,0.0,1.4953399342100442,25,81.78116644109598
architecture,bilstm,37,abl_arch_bilstm_hs128_nl3_ff256_cluster_balanced_bs32_lr0.0003_gc1_wd0.005_do0.2_adamw_warmup_cosine_two_stage_tau0.08_cop0.4_siw1_tvw1_vw2_sf1.5_vwslate_ramp_hp50_vtp50_hls1_hus1_vls1_vus1_seed37,2486.741968935963,3033.1839901691287,581.9993469557727,-35.557325722606556,14.263157894736842,9.157894736842104,0.5789473684210527,1506.4522125656176,123.4247830509994,4.258990158345306,20.865258262921614,169882.82862104033,111569.08653918626,0.6567413990266477,0.0,0.5996472161334246,25,31.299864585902544
architecture,bilstm,38,abl_arch_bilstm_hs128_nl3_ff256_cluster_balanced_bs32_lr0.0003_gc1_wd0.005_do0.2_adamw_warmup_cosine_two_stage_tau0.08_cop0.4_siw1_tvw1_vw2_sf1.5_vwslate_ramp_hp50_vtp50_hls1_hus1_vls1_vus1_seed38,2542.383673904266,3058.5689010280535,531.4641057338595,-15.278878610071382,13.421052631578947,9.789473684210526,0.7894736842105263,1365.468061756694,122.9240995059954,4.698870208046987,21.405568735453446,257697.45551899966,219276.35539410939,0.8509061719390646,0.0,0.726348694218655,25,3.6836926142132063
architecture,bilstm,39,abl_arch_bilstm_hs128_nl3_ff256_cluster_balanced_bs32_lr0.0003_gc1_wd0.005_do0.2_adamw_warmup_cosine_two_stage_tau0.08_cop0.4_siw1_tvw1_vw2_sf1.5_vwslate_ramp_hp50_vtp50_hls1_hus1_vls1_vus1_seed39,2627.0353906746373,3205.1119044681304,613.467930200125,-35.39141640663147,14.368421052631579,9.0,0.631578947368421,1379.0852654743005,126.72057891800068,4.25273094687758,18.355906103878578,165276.21082037882,117318.91676370177,0.7098354698559931,0.0,0.5527046939884076,25,42.60365260403087
architecture,bilstm,4,abl_arch_bilstm_hs128_nl3_ff256_cluster_balanced_bs32_lr0.0003_gc1_wd0.005_do0.2_adamw_warmup_cosine_two_stage_tau0.08_cop0.4_siw1_tvw1_vw2_sf1.5_vwslate_ramp_hp50_vtp50_hls1_hus1_vls1_vus1_seed4,2450.6172444000704,2674.449147453119,281.099567606854,-57.2676645538054,15.421052631578947,8.578947368421053,0.0,1174.1966054707984,129.37112550500024,4.783570789425683,19.745401369092225,211797.82607245987,126023.48991289757,0.5950178632607053,0.0,1.2338772589177414,10,25.837821581741917
architecture,bilstm,40,abl_arch_bilstm_hs128_nl3_ff256_cluster_balanced_bs32_lr0.0003_gc1_wd0.005_do0.2_adamw_warmup_cosine_two_stage_tau0.08_cop0.4_siw1_tvw1_vw2_sf1.5_vwslate_ramp_hp50_vtp50_hls1_hus1_vls1_vus1_seed40,2363.909337977681,2866.0575505512106,473.43391696139514,28.714295612134432,13.842105263157896,9.894736842105264,0.2631578947368421,1248.9818086128694,125.04753446098766,4.768195579680124,19.063191999999905,258211.08435561307,123362.46579647783,0.4777582112880203,0.0,1.315241037597659,25,25.384883397544304
architecture,bilstm,41,abl_arch_bilstm_hs128_nl3_ff256_cluster_balanced_bs32_lr0.0003_gc1_wd0.005_do0.2_adamw_warmup_cosine_two_stage_tau0.08_cop0.4_siw1_tvw1_vw2_sf1.5_vwslate_ramp_hp50_vtp50_hls1_hus1_vls1_vus1_seed41,2369.550130150637,2978.6760464003414,627.4361740744263,-18.31025782472209,13.68421052631579,9.68421052631579,0.631578947368421,1432.2102640106725,126.22712643700652,4.163538368486211,18.948734579393395,596409.9848566103,1015846.9255753602,1.7032694813444338,0.0,0.21779702039645796,25,21.426921638754298
architecture,bilstm,42,abl_arch_bilstm_hs128_nl3_ff256_cluster_balanced_bs32_lr0.0003_gc1_wd0.005_do0.2_adamw_warmup_cosine_two_stage_tau0.08_cop0.4_siw1_tvw1_vw2_sf1.5_vwslate_ramp_hp50_vtp50_hls1_hus1_vls1_vus1_seed42,2329.056959265792,3270.954048472264,993.1195540594009,-51.222464852929114,15.210526315789474,8.736842105263158,0.05263157894736842,1380.2081021917509,126.71955621000961,4.135014843134406,18.62655315888237,309712.5347944383,159628.13805016968,0.5154074185473885,0.0,1.1811219487445677,25,4.095473266777869
architecture,bilstm,43,abl_arch_bilstm_hs128_nl3_ff256_cluster_balanced_bs32_lr0.0003_gc1_wd0.005_do0.2_adamw_warmup_cosine_two_stage_tau0.08_cop0.4_siw1_tvw1_vw2_sf1.5_vwslate_ramp_hp50_vtp50_hls1_hus1_vls1_vus1_seed43,2574.8731499558967,2919.2666405610325,359.88719958760396,-15.493708982467652,13.473684210526315,9.578947368421053,0.9473684210526315,1198.5595192563942,129.99105535399576,4.446645157785449,19.975684526511223,185320.42060731736,103165.38786197564,0.5566865622465685,0.0,1.0748729226353355,25,23.81920081617873
architecture,bilstm,44,abl_arch_bilstm_hs128_nl3_ff256_cluster_balanced_bs32_lr0.0003_gc1_wd0.005_do0.2_adamw_warmup_cosine_two_stage_tau0.08_cop0.4_siw1_tvw1_vw2_sf1.5_vwslate_ramp_hp50_vtp50_hls1_hus1_vls1_vus1_seed44,2479.1587512696265,2863.5422945921973,427.1673387562426,-42.783795433671855,13.368421052631579,9.842105263157896,0.7894736842105263,1458.6500524835058,132.88062389100378,4.679384052379694,19.887154420231173,126383.31101819316,73027.49192556439,0.5778254370551498,0.0,0.8852779511392885,20,-6.782706913957467
architecture,bilstm,45,abl_arch_bilstm_hs128_nl3_ff256_cluster_balanced_bs32_lr0.0003_gc1_wd0.005_do0.2_adamw_warmup_cosine_two_stage_tau0.08_cop0.4_siw1_tvw1_vw2_sf1.5_vwslate_ramp_hp50_vtp50_hls1_hus1_vls1_vus1_seed45,2514.411394404297,3313.3200785013773,861.1115621412962,-62.202878044216256,16.31578947368421,7.684210526315789,0.0,1205.8841339109615,132.586313273001,4.739533999542656,22.381066843272972,332885.5515932789,187119.10738574812,0.5621124332075882,0.0,1.7781388251118617,10,13.212846708559244
architecture,bilstm,46,abl_arch_bilstm_hs128_nl3_ff256_cluster_balanced_bs32_lr0.0003_gc1_wd0.005_do0.2_adamw_warmup_cosine_two_stage_tau0.08_cop0.4_siw1_tvw1_vw2_sf1.5_vwslate_ramp_hp50_vtp50_hls1_hus1_vls1_vus1_seed46,2465.857581945062,2975.314718096781,528.9002426082121,-19.443106456493076,13.789473684210526,9.631578947368421,0.5789473684210527,1192.4421843610162,131.58199011599936,4.621537314194843,19.125759473689342,245843.06519081385,205941.0812692673,0.837693270336602,0.0,1.4311760323891176,25,53.45917200540949
architecture,bilstm,5,abl_arch_bilstm_hs128_nl3_ff256_cluster_balanced_bs32_lr0.0003_gc1_wd0.005_do0.2_adamw_warmup_cosine_two_stage_tau0.08_cop0.4_siw1_tvw1_vw2_sf1.5_vwslate_ramp_hp50_vtp50_hls1_hus1_vls1_vus1_seed5,2545.46286963465,2799.118191610412,272.1192614049069,-18.46393942914511,13.736842105263158,9.894736842105264,0.3684210526315789,1373.9525855267998,130.81390452600317,4.545870106851094,19.91447357776403,200930.2452237241,129748.79387002181,0.64574048434348,0.0,0.6562951264559269,20,-25.792578129788033
architecture,bilstm,6,abl_arch_bilstm_hs128_nl3_ff256_cluster_balanced_bs32_lr0.0003_gc1_wd0.005_do0.2_adamw_warmup_cosine_two_stage_tau0.08_cop0.4_siw1_tvw1_vw2_sf1.5_vwslate_ramp_hp50_vtp50_hls1_hus1_vls1_vus1_seed6,2520.338224100472,2968.2398774757958,466.4165625059097,-18.51490913058582,13.526315789473685,9.68421052631579,0.7894736842105263,1418.6230443167017,131.8194288990053,4.250248737853805,18.522351317714264,216901.89159066975,129701.36208334017,0.5979724802405522,0.0,0.7855352107768465,25,8.469814885245626
architecture,bilstm,7,abl_arch_bilstm_hs128_nl3_ff256_cluster_balanced_bs32_lr0.0003_gc1_wd0.005_do0.2_adamw_warmup_cosine_two_stage_tau0.08_cop0.4_siw1_tvw1_vw2_sf1.5_vwslate_ramp_hp50_vtp50_hls1_hus1_vls1_vus1_seed7,2294.8691497314303,2819.7786651245783,550.2996057898662,-25.390090396717973,13.0,10.263157894736842,0.7368421052631579,1376.7019132850542,127.3357214370044,4.1819698411640465,18.117215789970942,184243.43782192536,148528.39101078027,0.8061529505020182,0.0,1.895144002358201,25,23.50105818483479
architecture,bilstm,8,abl_arch_bilstm_hs128_nl3_ff256_cluster_balanced_bs32_lr0.0003_gc1_wd0.005_do0.2_adamw_warmup_cosine_two_stage_tau0.08_cop0.4_siw1_tvw1_vw2_sf1.5_vwslate_ramp_hp50_vtp50_hls1_hus1_vls1_vus1_seed8,2272.228871508594,3018.5337141980494,763.8594715384223,-17.5546288489668,13.368421052631579,10.526315789473685,0.10526315789473684,1304.6675364586954,127.3896071449999,4.256848102637664,18.735521053282643,312392.2695676,214002.37060872256,0.6850437461366617,0.0,1.742579390122228,20,-29.158585284090087
architecture,bilstm,9,abl_arch_bilstm_hs128_nl3_ff256_cluster_balanced_bs32_lr0.0003_gc1_wd0.005_do0.2_adamw_warmup_cosine_two_stage_tau0.08_cop0.4_siw1_tvw1_vw2_sf1.5_vwslate_ramp_hp50_vtp50_hls1_hus1_vls1_vus1_seed9,2465.4926106828852,2724.7679878377953,271.8643108785729,-12.588933723663029,13.368421052631579,10.631578947368421,0.0,1259.741002728933,127.63739371499105,5.409965054193315,21.715160633902997,269254.43735377694,124687.11544063324,0.4630828619429777,0.0,1.1769520334577919,25,38.578204529401276
architecture,cnn,0,abl_arch_cnn_hs128_nl3_ff256_cluster_balanced_bs32_lr0.0003_gc1_wd0.005_do0.2_adamw_warmup_cosine_two_stage_tau0.08_cop0.4_siw1_tvw1_vw2_sf1.5_vwslate_ramp_hp50_vtp50_hls1_hus1_vls1_vus1_seed0,2139.849795981537,2916.0984433658464,779.5370629197467,-3.288415535437435,14.789473684210526,8.68421052631579,0.5263157894736842,1048.1910098514995,104.60095515599824,4.014672579375512,18.54312847411309,134357.00335357958,86372.60484983819,0.6428589704589971,0.0,1.0888676750125688,20,-4.252965641069227
architecture,cnn,1,abl_arch_cnn_hs128_nl3_ff256_cluster_balanced_bs32_lr0.0003_gc1_wd0.005_do0.2_adamw_warmup_cosine_two_stage_tau0.08_cop0.4_siw1_tvw1_vw2_sf1.5_vwslate_ramp_hp50_vtp50_hls1_hus1_vls1_vus1_seed1,2139.0052438107027,2862.8333921830813,755.0574787351497,-31.229330362771687,14.68421052631579,8.68421052631579,0.631578947368421,1106.039512270964,108.8237464039994,3.6473123166759156,17.159719263681357,96051.81189859507,62955.00348272877,0.6554275472616004,0.0,1.1546957043167356,25,6.090478786765003
architecture,cnn,10,abl_arch_cnn_hs128_nl3_ff256_cluster_balanced_bs32_lr0.0003_gc1_wd0.005_do0.2_adamw_warmup_cosine_two_stage_tau0.08_cop0.4_siw1_tvw1_vw2_sf1.5_vwslate_ramp_hp50_vtp50_hls1_hus1_vls1_vus1_seed10,2117.4145088386713,2648.9695335485426,547.8130174114016,-16.25799270153046,13.578947368421053,9.736842105263158,0.6842105263157895,1174.2677633703959,118.03401451499985,4.032257631598967,18.74824015787549,112343.55920291595,77635.5374951973,0.6910546367413133,0.0,0.8849017757098342,20,-0.9070716458218171
architecture,cnn,11,abl_arch_cnn_hs128_nl3_ff256_cluster_balanced_bs32_lr0.0003_gc1_wd0.005_do0.2_adamw_warmup_cosine_two_stage_tau0.08_cop0.4_siw1_tvw1_vw2_sf1.5_vwslate_ramp_hp50_vtp50_hls1_hus1_vls1_vus1_seed11,2109.6220558469927,3021.0947776238418,937.3253845211203,-25.852662744271125,14.210526315789474,8.842105263157896,0.9473684210526315,1126.1516026098523,117.57406960200024,4.727129526288895,20.751418263204727,78277.3941595498,65935.9110859468,0.8423365620929099,0.0,0.5914587820460706,25,2.787768879136618
architecture,cnn,12,abl_arch_cnn_hs128_nl3_ff256_cluster_balanced_bs32_lr0.0003_gc1_wd0.005_do0.2_adamw_warmup_cosine_two_stage_tau0.08_cop0.4_siw1_tvw1_vw2_sf1.5_vwslate_ramp_hp50_vtp50_hls1_hus1_vls1_vus1_seed12,2153.510335332811,2813.2231094475633,687.1624140777271,-27.44963996297435,14.157894736842104,9.052631578947368,0.7894736842105263,1171.2684904973387,108.80874502400002,3.7532828947453374,19.99109978937428,107196.67187944407,73542.5978373873,0.6860529953774596,0.0,0.8659357656063619,20,-5.636693875596576
architecture,cnn,13,abl_arch_cnn_hs128_nl3_ff256_cluster_balanced_bs32_lr0.0003_gc1_wd0.005_do0.2_adamw_warmup_cosine_two_stage_tau0.08_cop0.4_siw1_tvw1_vw2_sf1.5_vwslate_ramp_hp50_vtp50_hls1_hus1_vls1_vus1_seed13,2136.342427727833,2872.712138856459,744.4621022299365,-8.092391101310128,14.31578947368421,9.0,0.6842105263157895,1194.7516138013978,108.91397651200032,3.793931315852349,19.051591736809456,85227.71090897144,64576.655216734594,0.7576955256454856,0.0,0.637273698794625,25,0.5675788977437463
architecture,cnn,14,abl_arch_cnn_hs128_nl3_ff256_cluster_balanced_bs32_lr0.0003_gc1_wd0.005_do0.2_adamw_warmup_cosine_two_stage_tau0.08_cop0.4_siw1_tvw1_vw2_sf1.5_vwslate_ramp_hp50_vtp50_hls1_hus1_vls1_vus1_seed14,2033.0130513122476,2809.644818491381,809.4616547118189,-32.82988753268594,14.736842105263158,8.578947368421053,0.6842105263157895,1057.4726999607087,110.48235440200006,3.526720421010204,20.522535157923766,115157.28561910318,73903.82979049816,0.641764256539913,0.0,1.0110604628224127,25,5.470807528086798
architecture,cnn,15,abl_arch_cnn_hs128_nl3_ff256_cluster_balanced_bs32_lr0.0003_gc1_wd0.005_do0.2_adamw_warmup_cosine_two_stage_tau0.08_cop0.4_siw1_tvw1_vw2_sf1.5_vwslate_ramp_hp50_vtp50_hls1_hus1_vls1_vus1_seed15,2223.2732805557434,2684.5913082993006,477.05911152389626,-15.741083780338888,14.105263157894736,9.210526315789474,0.6842105263157895,1187.5536845833349,189.4560343660005,4.51569752625035,51.77338794721053,103502.95724286843,71141.80633955267,0.6873408087521526,0.0,0.8827710071930964,20,-2.6553624237779525
architecture,cnn,16,abl_arch_cnn_hs128_nl3_ff256_cluster_balanced_bs32_lr0.0003_gc1_wd0.005_do0.2_adamw_warmup_cosine_two_stage_tau0.08_cop0.4_siw1_tvw1_vw2_sf1.5_vwslate_ramp_hp50_vtp50_hls1_hus1_vls1_vus1_seed16,2172.61688693944,2857.2315513227236,711.0744487779118,-26.459784394628127,14.052631578947368,9.105263157894736,0.8421052631578947,1160.3639957527369,227.96391503300038,6.44824247348496,55.65341436857508,86459.16364275753,60301.52266350425,0.6974566965818152,0.0,1.2521171179052215,20,-5.817687400725003
architecture,cnn,17,abl_arch_cnn_hs128_nl3_ff256_cluster_balanced_bs32_lr0.0003_gc1_wd0.005_do0.2_adamw_warmup_cosine_two_stage_tau0.08_cop0.4_siw1_tvw1_vw2_sf1.5_vwslate_ramp_hp50_vtp50_hls1_hus1_vls1_vus1_seed17,2191.187279609317,2956.7415712806546,784.1661860723353,-18.611894400998164,14.578947368421053,8.68421052631579,0.7368421052631579,1109.0673085334863,232.9538267659991,4.816961263043739,55.41114536840484,105713.6888074257,83656.40113998322,0.7913488033926871,0.0,0.6499420079845079,25,6.121017452672976
architecture,cnn,18,abl_arch_cnn_hs128_nl3_ff256_cluster_balanced_bs32_lr0.0003_gc1_wd0.005_do0.2_adamw_warmup_cosine_two_stage_tau0.08_cop0.4_siw1_tvw1_vw2_sf1.5_vwslate_ramp_hp50_vtp50_hls1_hus1_vls1_vus1_seed18,2103.091689200687,3010.651569933339,982.2465329549598,-74.6866522223071,15.631578947368421,7.684210526315789,0.6842105263157895,1142.7366605420086,237.1542591790021,6.357574631884314,66.92917231569146,120880.11213023422,80028.06727700197,0.6620449457457573,0.0,1.0134490335780193,25,26.591063523241733
architecture,cnn,19,abl_arch_cnn_hs128_nl3_ff256_cluster_balanced_bs32_lr0.0003_gc1_wd0.005_do0.2_adamw_warmup_cosine_two_stage_tau0.08_cop0.4_siw1_tvw1_vw2_sf1.5_vwslate_ramp_hp50_vtp50_hls1_hus1_vls1_vus1_seed19,1512.268538640462,2796.799699803174,1354.752622666814,-70.22146150410174,17.36842105263158,5.7368421052631575,0.8947368421052632,844.6439146127976,105.07220205600242,3.362104473987864,17.257941894250077,110342.01692073152,58526.40534267239,0.5304090588149853,0.0,1.8326255787123515,20,-3.3100947836678185
architecture,cnn,2,abl_arch_cnn_hs128_nl3_ff256_cluster_balanced_bs32_lr0.0003_gc1_wd0.005_do0.2_adamw_warmup_cosine_two_stage_tau0.08_cop0.4_siw1_tvw1_vw2_sf1.5_vwslate_ramp_hp50_vtp50_hls1_hus1_vls1_vus1_seed2,2195.9319199161005,2614.927413338913,436.8666640096615,-17.871170586849516,13.894736842105264,9.368421052631579,0.7368421052631579,1202.9610410341254,108.478038690002,3.588835631059115,17.445350947367075,120524.11681212793,84808.69016874176,0.7036657260964699,0.0,0.7296724706923698,20,-4.077974704191876
architecture,cnn,20,abl_arch_cnn_hs128_nl3_ff256_cluster_balanced_bs32_lr0.0003_gc1_wd0.005_do0.2_adamw_warmup_cosine_two_stage_tau0.08_cop0.4_siw1_tvw1_vw2_sf1.5_vwslate_ramp_hp50_vtp50_hls1_hus1_vls1_vus1_seed20,2226.252113008578,3020.387183398534,814.6327034825484,-20.497633092591638,14.052631578947368,9.157894736842104,0.7894736842105263,1163.4402842011193,105.31374232300004,3.521612999688123,17.642580684447527,106372.62296052488,81157.37193878466,0.7629535653069526,0.0,0.8342084933093069,25,0.836705918976553
architecture,cnn,21,abl_arch_cnn_hs128_nl3_ff256_cluster_balanced_bs32_lr0.0003_gc1_wd0.005_do0.2_adamw_warmup_cosine_two_stage_tau0.08_cop0.4_siw1_tvw1_vw2_sf1.5_vwslate_ramp_hp50_vtp50_hls1_hus1_vls1_vus1_seed21,2125.6702564731736,2900.998905248595,796.5432099721123,-21.214561196691115,14.31578947368421,8.947368421052632,0.7368421052631579,1164.644648416487,104.41476069499913,3.6306874736558377,19.573664894874366,80618.81201348155,44995.53876256375,0.5581270380793918,0.0,1.0073699932647218,25,14.916873477655145
architecture,cnn,22,abl_arch_cnn_hs128_nl3_ff256_cluster_balanced_bs32_lr0.0003_gc1_wd0.005_do0.2_adamw_warmup_cosine_two_stage_tau0.08_cop0.4_siw1_tvw1_vw2_sf1.5_vwslate_ramp_hp50_vtp50_hls1_hus1_vls1_vus1_seed22,1936.8010867481744,2702.2266286907347,777.3787787611874,-11.953236818627309,14.0,9.263157894736842,0.7368421052631579,1010.3748100032302,105.77974939200067,3.413117473093352,18.25933294841027,83852.78022238637,61050.8401142764,0.7280717461289079,0.0,0.6558645893852929,25,0.6874535268694161
architecture,cnn,23,abl_arch_cnn_hs128_nl3_ff256_cluster_balanced_bs32_lr0.0003_gc1_wd0.005_do0.2_adamw_warmup_cosine_two_stage_tau0.08_cop0.4_siw1_tvw1_vw2_sf1.5_vwslate_ramp_hp50_vtp50_hls1_hus1_vls1_vus1_seed23,2143.850136374997,2538.138920502251,411.55525789557583,-17.26647376832209,13.842105263157896,9.368421052631579,0.7894736842105263,1230.9164762812802,107.21702918600204,3.8294151573178454,19.845345632347744,139030.43535908367,92401.51227699092,0.6646135577317229,0.0,0.9101850220736574,20,-11.603583766115907
architecture,cnn,24,abl_arch_cnn_hs128_nl3_ff256_cluster_balanced_bs32_lr0.0003_gc1_wd0.005_do0.2_adamw_warmup_cosine_two_stage_tau0.08_cop0.4_siw1_tvw1_vw2_sf1.5_vwslate_ramp_hp50_vtp50_hls1_hus1_vls1_vus1_seed24,1503.5841412875736,2836.869783261756,1392.3991592171972,-59.113517243015146,15.210526315789474,8.052631578947368,0.7368421052631579,1093.2565849691161,114.42278596699907,3.7641802103424102,18.825869052594307,117633.4364073615,85960.19811936849,0.7307462975211452,0.0,0.8737850336568793,25,4.006679439177094
architecture,cnn,25,abl_arch_cnn_hs128_nl3_ff256_cluster_balanced_bs32_lr0.0003_gc1_wd0.005_do0.2_adamw_warmup_cosine_two_stage_tau0.08_cop0.4_siw1_tvw1_vw2_sf1.5_vwslate_ramp_hp50_vtp50_hls1_hus1_vls1_vus1_seed25,2170.8945045585842,2996.494432567834,856.9440364904067,-31.344108481156194,14.736842105263158,8.473684210526315,0.7894736842105263,1180.490355943991,114.08832366500428,3.8770524215100237,20.62272173689531,130662.31389895505,79489.01826621742,0.6083545889726748,0.0,0.9484283780686109,20,-1.366847356596888
architecture,cnn,26,abl_arch_cnn_hs128_nl3_ff256_cluster_balanced_bs32_lr0.0003_gc1_wd0.005_do0.2_adamw_warmup_cosine_two_stage_tau0.08_cop0.4_siw1_tvw1_vw2_sf1.5_vwslate_ramp_hp50_vtp50_hls1_hus1_vls1_vus1_seed26,2071.807692095741,3067.93193231226,1066.383299289,-70.25905907248197,15.578947368421053,7.684210526315789,0.7368421052631579,1118.2146472967463,124.32452497199847,4.10954931622224,21.435399105125963,152124.2323017547,100960.53381341769,0.6636716076446759,0.0,0.9911618905359953,20,-12.954969530664792
architecture,cnn,27,abl_arch_cnn_hs128_nl3_ff256_cluster_balanced_bs32_lr0.0003_gc1_wd0.005_do0.2_adamw_warmup_cosine_two_stage_tau0.08_cop0.4_siw1_tvw1_vw2_sf1.5_vwslate_ramp_hp50_vtp50_hls1_hus1_vls1_vus1_seed27,2138.6402129574385,2742.088975596717,616.5526196100399,-13.103856970761953,14.526315789473685,8.631578947368421,0.8421052631578947,1085.557446140347,108.65807698799472,4.063776527274106,18.879109526383935,109099.35695909006,88783.76369776315,0.8137881484586126,0.0,0.6339550202593822,20,-2.9064267099387187
architecture,cnn,28,abl_arch_cnn_hs128_nl3_ff256_cluster_balanced_bs32_lr0.0003_gc1_wd0.005_do0.2_adamw_warmup_cosine_two_stage_tau0.08_cop0.4_siw1_tvw1_vw2_sf1.5_vwslate_ramp_hp50_vtp50_hls1_hus1_vls1_vus1_seed28,2177.1525865205494,2745.9656448114615,580.8216867981995,-12.00862850728788,14.157894736842104,9.052631578947368,0.7894736842105263,1166.8223115449082,109.03612207900005,4.462095421331469,21.54790205187103,98429.5775762764,74156.01360191184,0.7533915661117802,0.0,0.8405668648795466,20,-10.839801708133022
architecture,cnn,29,abl_arch_cnn_hs128_nl3_ff256_cluster_balanced_bs32_lr0.0003_gc1_wd0.005_do0.2_adamw_warmup_cosine_two_stage_tau0.08_cop0.4_siw1_tvw1_vw2_sf1.5_vwslate_ramp_hp50_vtp50_hls1_hus1_vls1_vus1_seed29,2132.0479317863415,2680.692870704649,570.555269768758,-21.910330850450613,13.947368421052632,9.368421052631579,0.6842105263157895,1209.6445103243823,111.13426643400453,4.757514789832241,23.002244893608516,121716.0058238225,91523.26495064363,0.7519410806424155,0.0,0.7317825863446645,25,11.173916987974474
architecture,cnn,3,abl_arch_cnn_hs128_nl3_ff256_cluster_balanced_bs32_lr0.0003_gc1_wd0.005_do0.2_adamw_warmup_cosine_two_stage_tau0.08_cop0.4_siw1_tvw1_vw2_sf1.5_vwslate_ramp_hp50_vtp50_hls1_hus1_vls1_vus1_seed3,2221.4474159723413,2769.5083518111373,566.8592124694993,-18.798276630702773,13.526315789473685,9.68421052631579,0.7894736842105263,1187.778229229797,109.16344446400035,3.9023656316107678,19.48864936888353,100291.2898261239,65246.878337280636,0.6505737282908601,0.0,0.7633677361267173,25,5.395773022269952
architecture,cnn,30,abl_arch_cnn_hs128_nl3_ff256_cluster_balanced_bs32_lr0.0003_gc1_wd0.005_do0.2_adamw_warmup_cosine_two_stage_tau0.08_cop0.4_siw1_tvw1_vw2_sf1.5_vwslate_ramp_hp50_vtp50_hls1_hus1_vls1_vus1_seed30,1589.7678423038715,2530.6685107809644,991.9448053438,-51.04413686670755,16.842105263157894,6.2631578947368425,0.8947368421052632,933.2221501835811,106.86221646000195,3.8529801041525054,19.034000211640407,124838.62610754238,75316.73997616526,0.6033127912773052,0.0,1.4283435481447702,25,7.897011410715549
architecture,cnn,31,abl_arch_cnn_hs128_nl3_ff256_cluster_balanced_bs32_lr0.0003_gc1_wd0.005_do0.2_adamw_warmup_cosine_two_stage_tau0.08_cop0.4_siw1_tvw1_vw2_sf1.5_vwslate_ramp_hp50_vtp50_hls1_hus1_vls1_vus1_seed31,2097.769983766095,2847.628949467187,771.5900947415591,-21.731129040467113,14.052631578947368,9.052631578947368,0.8947368421052632,1137.0058433447612,107.53761014399788,4.011298999677437,19.084754684100563,76327.91600454703,46740.28304036768,0.6123615773498028,0.0,0.880663273585706,25,5.027604039364309
architecture,cnn,32,abl_arch_cnn_hs128_nl3_ff256_cluster_balanced_bs32_lr0.0003_gc1_wd0.005_do0.2_adamw_warmup_cosine_two_stage_tau0.08_cop0.4_siw1_tvw1_vw2_sf1.5_vwslate_ramp_hp50_vtp50_hls1_hus1_vls1_vus1_seed32,2129.863298783736,2568.789480184608,449.70739459826586,-10.781213197394422,13.894736842105264,9.052631578947368,1.0526315789473684,1167.3173601740298,110.72863044300175,3.7583213695478137,18.98813273835817,121371.75024803283,86613.51843205563,0.7136217303866346,0.0,0.7677900183221051,20,-11.568223851229352
architecture,cnn,33,abl_arch_cnn_hs128_nl3_ff256_cluster_balanced_bs32_lr0.0003_gc1_wd0.005_do0.2_adamw_warmup_cosine_two_stage_tau0.08_cop0.4_siw1_tvw1_vw2_sf1.5_vwslate_ramp_hp50_vtp50_hls1_hus1_vls1_vus1_seed33,1587.4816081335293,2509.418778891104,949.1186280381853,-27.181457280610744,16.526315789473685,6.473684210526316,1.0,865.6533016075722,110.05155032900075,5.227162473219275,22.006749052180613,114141.49543866143,81005.952436373,0.7096976618805984,0.0,0.9307800915437705,20,-2.4521220658644447
architecture,cnn,34,abl_arch_cnn_hs128_nl3_ff256_cluster_balanced_bs32_lr0.0003_gc1_wd0.005_do0.2_adamw_warmup_cosine_two_stage_tau0.08_cop0.4_siw1_tvw1_vw2_sf1.5_vwslate_ramp_hp50_vtp50_hls1_hus1_vls1_vus1_seed34,2228.681267549015,2970.806629086474,760.7664649305494,-18.641103393090397,13.894736842105264,9.421052631578947,0.6842105263157895,1220.7348017871273,100.6017660540092,3.5640686316918093,18.595987106795963,92611.84387805292,64808.10217557896,0.6997820091015068,0.0,0.6780334890965569,25,2.521966573886542
architecture,cnn,35,abl_arch_cnn_hs128_nl3_ff256_cluster_balanced_bs32_lr0.0003_gc1_wd0.005_do0.2_adamw_warmup_cosine_two_stage_tau0.08_cop0.4_siw1_tvw1_vw2_sf1.5_vwslate_ramp_hp50_vtp50_hls1_hus1_vls1_vus1_seed35,2126.7116328729003,2617.219641003682,505.4850710080731,-14.977062877291127,14.210526315789474,9.052631578947368,0.7368421052631579,1187.784907753814,106.18247174400312,3.861556263903989,19.9499881066578,104421.78830263959,75229.80997136886,0.7204416931965835,0.0,0.7948100657546903,20,-2.227667852507741
architecture,cnn,36,abl_arch_cnn_hs128_nl3_ff256_cluster_balanced_bs32_lr0.0003_gc1_wd0.005_do0.2_adamw_warmup_cosine_two_stage_tau0.08_cop0.4_siw1_tvw1_vw2_sf1.5_vwslate_ramp_hp50_vtp50_hls1_hus1_vls1_vus1_seed36,1619.821046313305,2504.5130815355783,941.8635042272427,-57.17146900496984,16.68421052631579,6.368421052631579,0.9473684210526315,906.3143678538806,103.7070297350001,3.526900158919345,18.28399405502224,117354.21020022067,59576.34667141845,0.5076626272698176,0.0,1.2284913384895904,25,12.057600609195847
architecture,cnn,37,abl_arch_cnn_hs128_nl3_ff256_cluster_balanced_bs32_lr0.0003_gc1_wd0.005_do0.2_adamw_warmup_cosine_two_stage_tau0.08_cop0.4_siw1_tvw1_vw2_sf1.5_vwslate_ramp_hp50_vtp50_hls1_hus1_vls1_vus1_seed37,2175.198618712883,3044.923783686005,899.0331852770612,-29.308020303939518,14.736842105263158,8.473684210526315,0.7894736842105263,1140.3439780174342,107.50048333899758,3.6836038941002793,18.82189800227551,110500.32758573782,71602.73346782601,0.6479866171642709,0.0,0.8695404201575627,25,0.21416847098390907
architecture,cnn,38,abl_arch_cnn_hs128_nl3_ff256_cluster_balanced_bs32_lr0.0003_gc1_wd0.005_do0.2_adamw_warmup_cosine_two_stage_tau0.08_cop0.4_siw1_tvw1_vw2_sf1.5_vwslate_ramp_hp50_vtp50_hls1_hus1_vls1_vus1_seed38,2108.21188319478,2890.5601884205716,806.3549959328096,-24.006690707018503,14.68421052631579,8.68421052631579,0.631578947368421,1181.7677676902138,109.20022935200541,3.831237839461353,19.57995447370003,93157.05993727614,60615.67946996512,0.6506826161192555,0.0,0.8524530489854476,20,-12.460146860938913
architecture,cnn,39,abl_arch_cnn_hs128_nl3_ff256_cluster_balanced_bs32_lr0.0003_gc1_wd0.005_do0.2_adamw_warmup_cosine_two_stage_tau0.08_cop0.4_siw1_tvw1_vw2_sf1.5_vwslate_ramp_hp50_vtp50_hls1_hus1_vls1_vus1_seed39,2053.066843263324,2545.4049655533436,520.0965347864976,-27.758412496478932,14.0,9.368421052631579,0.631578947368421,1244.6021245700244,107.71334984598798,4.13374705040999,20.364521998807934,113084.66671338944,82192.78131767688,0.7268251630081084,0.0,0.6577095875846153,20,-6.609666079333305
architecture,cnn,4,abl_arch_cnn_hs128_nl3_ff256_cluster_balanced_bs32_lr0.0003_gc1_wd0.005_do0.2_adamw_warmup_cosine_two_stage_tau0.08_cop0.4_siw1_tvw1_vw2_sf1.5_vwslate_ramp_hp50_vtp50_hls1_hus1_vls1_vus1_seed4,2206.7001883751445,2949.9980130126037,764.2872999495665,-20.989475312107487,14.210526315789474,9.105263157894736,0.6842105263157895,1148.845561794314,110.5610881390021,3.6424870524665733,18.840996684478963,94973.95650050933,64317.90862419034,0.6772162705872469,0.0,0.8343200255824278,25,3.706998902819077
architecture,cnn,40,abl_arch_cnn_hs128_nl3_ff256_cluster_balanced_bs32_lr0.0003_gc1_wd0.005_do0.2_adamw_warmup_cosine_two_stage_tau0.08_cop0.4_siw1_tvw1_vw2_sf1.5_vwslate_ramp_hp50_vtp50_hls1_hus1_vls1_vus1_seed40,2121.386777254717,2856.012762213999,754.6808313542853,-20.054846395003167,14.105263157894736,9.210526315789474,0.6842105263157895,1152.1731217029785,105.16380428300181,3.636436999505876,18.76850247438262,95028.96695548647,65633.84932553025,0.6906720279962056,0.0,0.854491828350218,25,0.7260732711515779
architecture,cnn,41,abl_arch_cnn_hs128_nl3_ff256_cluster_balanced_bs32_lr0.0003_gc1_wd0.005_do0.2_adamw_warmup_cosine_two_stage_tau0.08_cop0.4_siw1_tvw1_vw2_sf1.5_vwslate_ramp_hp50_vtp50_hls1_hus1_vls1_vus1_seed41,2107.003550982511,2671.963700994164,568.9870279411891,-4.02687792953692,13.842105263157896,9.368421052631579,0.7894736842105263,1151.1415810985134,106.890752213003,3.556743841679571,17.551924106603686,107798.94864105126,79708.46033408373,0.7394177896808327,0.0,0.7564266299483297,20,-6.935496330123901
architecture,cnn,42,abl_arch_cnn_hs128_nl3_ff256_cluster_balanced_bs32_lr0.0003_gc1_wd0.005_do0.2_adamw_warmup_cosine_two_stage_tau0.08_cop0.4_siw1_tvw1_vw2_sf1.5_vwslate_ramp_hp50_vtp50_hls1_hus1_vls1_vus1_seed42,2202.530060415675,2731.4806714703927,540.2011317613969,-11.250520706678692,13.421052631578947,9.789473684210526,0.7894736842105263,1164.7876336083925,110.12620383199828,4.150019789353553,20.469333052077626,103337.95369405435,74357.25898902908,0.7195542037649939,0.0,0.7936626748880327,25,24.256772732551337
architecture,cnn,43,abl_arch_cnn_hs128_nl3_ff256_cluster_balanced_bs32_lr0.0003_gc1_wd0.005_do0.2_adamw_warmup_cosine_two_stage_tau0.08_cop0.4_siw1_tvw1_vw2_sf1.5_vwslate_ramp_hp50_vtp50_hls1_hus1_vls1_vus1_seed43,2165.770310789161,2886.9063735147392,743.3956890772988,-22.25962635172041,14.31578947368421,8.894736842105264,0.7894736842105263,1153.41520332893,108.76839037999162,3.694732417658854,20.087822736394102,109387.31811591102,84530.8296801968,0.7727662688523423,0.0,0.7271086175883092,25,2.2042956431518252
architecture,cnn,44,abl_arch_cnn_hs128_nl3_ff256_cluster_balanced_bs32_lr0.0003_gc1_wd0.005_do0.2_adamw_warmup_cosine_two_stage_tau0.08_cop0.4_siw1_tvw1_vw2_sf1.5_vwslate_ramp_hp50_vtp50_hls1_hus1_vls1_vus1_seed44,2168.26854666688,2935.5043077302626,787.3234654583755,-20.08770439499303,14.210526315789474,9.105263157894736,0.6842105263157895,1117.3541211562615,111.31198934400163,3.6784719980603673,19.371744788306962,116627.31839536624,68373.49843225072,0.5862562851738113,0.0,1.016402403219422,25,4.894234971566952
architecture,cnn,45,abl_arch_cnn_hs128_nl3_ff256_cluster_balanced_bs32_lr0.0003_gc1_wd0.005_do0.2_adamw_warmup_cosine_two_stage_tau0.08_cop0.4_siw1_tvw1_vw2_sf1.5_vwslate_ramp_hp50_vtp50_hls1_hus1_vls1_vus1_seed45,2095.0981711247464,2889.8329161050287,812.5984845588807,-17.863739578598427,14.578947368421053,8.736842105263158,0.6842105263157895,1167.5977963265284,114.37321106498712,3.7354213158036336,19.410376580229862,96927.62317846915,59809.812965650075,0.6170564283364768,0.0,0.9050556644939461,25,11.151936942429217
architecture,cnn,46,abl_arch_cnn_hs128_nl3_ff256_cluster_balanced_bs32_lr0.0003_gc1_wd0.005_do0.2_adamw_warmup_cosine_two_stage_tau0.08_cop0.4_siw1_tvw1_vw2_sf1.5_vwslate_ramp_hp50_vtp50_hls1_hus1_vls1_vus1_seed46,2142.401305852033,2830.087444712952,704.684463471792,-16.998324610873272,14.105263157894736,9.052631578947368,0.8421052631578947,1145.7902421563697,111.78764895899803,4.799695104961039,23.877482683593897,108472.20474017353,71570.73002534256,0.659807092487683,0.0,0.7579903587050317,20,-3.4630995992506954
architecture,cnn,5,abl_arch_cnn_hs128_nl3_ff256_cluster_balanced_bs32_lr0.0003_gc1_wd0.005_do0.2_adamw_warmup_cosine_two_stage_tau0.08_cop0.4_siw1_tvw1_vw2_sf1.5_vwslate_ramp_hp50_vtp50_hls1_hus1_vls1_vus1_seed5,2161.244341834914,2890.8406227130677,759.1586038222421,-29.562322944088987,14.736842105263158,8.578947368421053,0.6842105263157895,1085.971112397438,118.22988202699344,4.109025999480908,24.16322099835318,97611.30441024633,66186.5933482925,0.6780627894297953,0.0,0.8631208799276497,25,1.6477723449031747
architecture,cnn,6,abl_arch_cnn_hs128_nl3_ff256_cluster_balanced_bs32_lr0.0003_gc1_wd0.005_do0.2_adamw_warmup_cosine_two_stage_tau0.08_cop0.4_siw1_tvw1_vw2_sf1.5_vwslate_ramp_hp50_vtp50_hls1_hus1_vls1_vus1_seed6,2200.020716584866,2828.3727393366603,645.4774167538052,-17.12539400201095,14.210526315789474,8.947368421052632,0.8421052631578947,1094.853742462845,110.6341314780002,3.7038401052613104,19.69528005544194,90474.73332143766,68729.8046341998,0.7596574436977591,0.0,0.7483344492103555,25,18.108035333051546
architecture,cnn,7,abl_arch_cnn_hs128_nl3_ff256_cluster_balanced_bs32_lr0.0003_gc1_wd0.005_do0.2_adamw_warmup_cosine_two_stage_tau0.08_cop0.4_siw1_tvw1_vw2_sf1.5_vwslate_ramp_hp50_vtp50_hls1_hus1_vls1_vus1_seed7,2141.463986708084,3240.388947160465,1123.5068031699404,-24.581842717559713,14.31578947368421,8.842105263157896,0.8421052631578947,1205.2675756251024,105.59541414899286,3.91803068525501,18.57926142340722,110891.70590672502,85636.40357287592,0.772252558229267,0.0,0.7504394728624277,25,16.12996208245039
architecture,cnn,8,abl_arch_cnn_hs128_nl3_ff256_cluster_balanced_bs32_lr0.0003_gc1_wd0.005_do0.2_adamw_warmup_cosine_two_stage_tau0.08_cop0.4_siw1_tvw1_vw2_sf1.5_vwslate_ramp_hp50_vtp50_hls1_hus1_vls1_vus1_seed8,2123.060024371471,2624.764680813513,526.5446866430257,-24.84003020098335,14.210526315789474,9.105263157894736,0.6842105263157895,1111.273095133978,106.80352323201078,3.645775052351191,19.39958726181526,91549.8542980879,61256.51628427985,0.6691055573373998,0.0,0.8168492727116309,25,7.179157021157559
architecture,cnn,9,abl_arch_cnn_hs128_nl3_ff256_cluster_balanced_bs32_lr0.0003_gc1_wd0.005_do0.2_adamw_warmup_cosine_two_stage_tau0.08_cop0.4_siw1_tvw1_vw2_sf1.5_vwslate_ramp_hp50_vtp50_hls1_hus1_vls1_vus1_seed9,2157.358671957917,3070.0312587485087,938.9680979719146,-26.29551118132315,14.631578947368421,8.526315789473685,0.8421052631578947,1117.3961737636544,106.3142564209993,3.6647427347672514,19.53278547367326,127228.0735921471,88262.78174426415,0.6937366828897109,0.0,1.1135254349853199,25,10.211943042630018
architecture,mlp,0,abl_arch_mlp_hs128_nl3_ff256_cluster_balanced_bs32_lr0.0003_gc1_wd0.005_do0.2_adamw_warmup_cosine_two_stage_tau0.08_cop0.4_siw1_tvw1_vw2_sf1.5_vwslate_ramp_hp50_vtp50_hls1_hus1_vls1_vus1_seed0,2371.198759809754,2502.390847162938,156.7046291004653,-25.51254174728143,14.052631578947368,9.526315789473685,0.42105263157894735,1204.4898950349948,101.03936627999792,3.1260548938390507,18.134065843217908,21506.808286543288,11118.432106403017,0.516972670154863,0.0,0.9762384768686162,20,-3.019710121799175
architecture,mlp,1,abl_arch_mlp_hs128_nl3_ff256_cluster_balanced_bs32_lr0.0003_gc1_wd0.005_do0.2_adamw_warmup_cosine_two_stage_tau0.08_cop0.4_siw1_tvw1_vw2_sf1.5_vwslate_ramp_hp50_vtp50_hls1_hus1_vls1_vus1_seed1,2421.0966993070333,2479.180525606175,83.92871346491465,-25.844887165772292,13.736842105263158,9.894736842105264,0.3684210526315789,1266.0935743987973,102.35028712600615,3.2450769477260395,20.02862205278545,31408.546140315142,21481.584400989195,0.6839407435486492,0.0,1.5995671330698447,10,-7.46852181746374
architecture,mlp,10,abl_arch_mlp_hs128_nl3_ff256_cluster_balanced_bs32_lr0.0003_gc1_wd0.005_do0.2_adamw_warmup_cosine_two_stage_tau0.08_cop0.4_siw1_tvw1_vw2_sf1.5_vwslate_ramp_hp50_vtp50_hls1_hus1_vls1_vus1_seed10,2329.9163786077634,2716.097706118853,411.80750820883253,-25.626180697742257,14.157894736842104,9.631578947368421,0.21052631578947367,1407.2940819156513,99.75969093100002,3.3792495263648896,18.283843789480382,51850.52251766802,29641.774745351082,0.5716774548462974,0.0,1.6966388259695695,20,-8.031355487937063
architecture,mlp,11,abl_arch_mlp_hs128_nl3_ff256_cluster_balanced_bs32_lr0.0003_gc1_wd0.005_do0.2_adamw_warmup_cosine_two_stage_tau0.08_cop0.4_siw1_tvw1_vw2_sf1.5_vwslate_ramp_hp50_vtp50_hls1_hus1_vls1_vus1_seed11,2301.907549407179,3061.874190005061,784.2367900368898,-24.270149439008616,14.631578947368421,9.0,0.3684210526315789,1406.8242213641474,102.46883230000003,3.868479315722078,21.828478105195053,63114.50008181977,28255.475289651375,0.4476859557315959,0.0,1.273888714299049,25,1.117230274188199
architecture,mlp,12,abl_arch_mlp_hs128_nl3_ff256_cluster_balanced_bs32_lr0.0003_gc1_wd0.005_do0.2_adamw_warmup_cosine_two_stage_tau0.08_cop0.4_siw1_tvw1_vw2_sf1.5_vwslate_ramp_hp50_vtp50_hls1_hus1_vls1_vus1_seed12,2480.562936389962,2850.7015874432655,395.9178573941811,-25.779206340877632,14.578947368421053,9.157894736842104,0.2631578947368421,1239.3031227243753,101.94113848400002,3.0264494736768124,17.541869684177264,38644.80814468141,33018.54408099536,0.8544108682692378,0.0,4.827911228950222,25,2.080706664130913
architecture,mlp,13,abl_arch_mlp_hs128_nl3_ff256_cluster_balanced_bs32_lr0.0003_gc1_wd0.005_do0.2_adamw_warmup_cosine_two_stage_tau0.08_cop0.4_siw1_tvw1_vw2_sf1.5_vwslate_ramp_hp50_vtp50_hls1_hus1_vls1_vus1_seed13,2405.3252644504355,2467.981502554351,87.25070281172944,-24.594464707813767,14.052631578947368,9.473684210526315,0.47368421052631576,1217.1877400911553,102.76219746099969,3.1833727368968154,18.691905105242768,25259.0233345217,14836.070228111794,0.5873572398911887,0.0,0.9414577811186458,25,5.93340510591321
architecture,mlp,14,abl_arch_mlp_hs128_nl3_ff256_cluster_balanced_bs32_lr0.0003_gc1_wd0.005_do0.2_adamw_warmup_cosine_two_stage_tau0.08_cop0.4_siw1_tvw1_vw2_sf1.5_vwslate_ramp_hp50_vtp50_hls1_hus1_vls1_vus1_seed14,2349.202989644799,2897.4855361956606,560.7270798745379,-12.444533323676964,14.473684210526315,8.842105263157896,0.6842105263157895,1206.9616814913873,107.61975130400015,4.294808000084135,21.926496210509963,95068.44374816015,62332.84233356823,0.6556628033029578,0.0,2.4821285777499225,25,0.2802920571157016
architecture,mlp,15,abl_arch_mlp_hs128_nl3_ff256_cluster_balanced_bs32_lr0.0003_gc1_wd0.005_do0.2_adamw_warmup_cosine_two_stage_tau0.08_cop0.4_siw1_tvw1_vw2_sf1.5_vwslate_ramp_hp50_vtp50_hls1_hus1_vls1_vus1_seed15,2368.177399968595,2980.9123255484083,636.7570132187561,-24.02208763894282,15.0,8.894736842105264,0.10526315789473684,1280.1922875605046,182.54456752199985,4.738371736972399,44.86027184209792,40905.02341922601,21635.837885660672,0.528928627272011,0.0,1.5368897916338387,10,-1.16448576663376
architecture,mlp,16,abl_arch_mlp_hs128_nl3_ff256_cluster_balanced_bs32_lr0.0003_gc1_wd0.005_do0.2_adamw_warmup_cosine_two_stage_tau0.08_cop0.4_siw1_tvw1_vw2_sf1.5_vwslate_ramp_hp50_vtp50_hls1_hus1_vls1_vus1_seed16,2596.738795277042,2820.1183782323446,253.95377910535473,-30.57419615005192,14.631578947368421,9.31578947368421,0.05263157894736842,1307.0991376952663,223.51915812699917,4.664786052480371,62.2573890527986,45542.28190701372,22471.9317970584,0.49343007983088394,0.0,1.38838806610294,10,3.2229865031640785
architecture,mlp,17,abl_arch_mlp_hs128_nl3_ff256_cluster_balanced_bs32_lr0.0003_gc1_wd0.005_do0.2_adamw_warmup_cosine_two_stage_tau0.08_cop0.4_siw1_tvw1_vw2_sf1.5_vwslate_ramp_hp50_vtp50_hls1_hus1_vls1_vus1_seed17,2420.220796073976,2694.897072037667,302.56411357908064,-27.88783761538957,14.421052631578947,9.263157894736842,0.3157894736842105,1224.0774198063757,214.64326732500012,4.148877789607229,55.98544157893277,35930.64937203696,21471.406265652087,0.5975791320477001,0.0,1.9106344593626623,25,5.0636967833760185
architecture,mlp,18,abl_arch_mlp_hs128_nl3_ff256_cluster_balanced_bs32_lr0.0003_gc1_wd0.005_do0.2_adamw_warmup_cosine_two_stage_tau0.08_cop0.4_siw1_tvw1_vw2_sf1.5_vwslate_ramp_hp50_vtp50_hls1_hus1_vls1_vus1_seed18,2522.8820215258334,2637.9236818913364,143.4324052517125,-28.390744886210097,14.157894736842104,9.421052631578947,0.42105263157894735,1269.963103438203,222.85883486599778,10.630594684411527,77.89174794781597,14649.778951439415,10098.469345897505,0.6893257146999668,0.0,0.8088829773303722,25,3.618137062214565
architecture,mlp,19,abl_arch_mlp_hs128_nl3_ff256_cluster_balanced_bs32_lr0.0003_gc1_wd0.005_do0.2_adamw_warmup_cosine_two_stage_tau0.08_cop0.4_siw1_tvw1_vw2_sf1.5_vwslate_ramp_hp50_vtp50_hls1_hus1_vls1_vus1_seed19,2287.7464973755327,2866.5765025537567,620.4896571159597,-41.65965193773572,14.526315789473685,9.210526315789474,0.2631578947368421,1314.4069593040665,97.33305341300002,3.38682389433655,18.8837963157168,49939.53523140075,24999.711656628213,0.5005996059192199,0.0,0.8139316807260323,20,-6.223169480089618
architecture,mlp,2,abl_arch_mlp_hs128_nl3_ff256_cluster_balanced_bs32_lr0.0003_gc1_wd0.005_do0.2_adamw_warmup_cosine_two_stage_tau0.08_cop0.4_siw1_tvw1_vw2_sf1.5_vwslate_ramp_hp50_vtp50_hls1_hus1_vls1_vus1_seed2,2343.208574700903,2686.3475106812825,358.2106248916666,-15.071688911287406,13.526315789473685,9.789473684210526,0.6842105263157895,1311.4852238643564,99.66757213399978,3.7683926842108026,18.88887515930324,40889.645284583734,18752.691921157217,0.45861713376680674,0.0,1.514893721609784,20,-0.6725629991315679
architecture,mlp,20,abl_arch_mlp_hs128_nl3_ff256_cluster_balanced_bs32_lr0.0003_gc1_wd0.005_do0.2_adamw_warmup_cosine_two_stage_tau0.08_cop0.4_siw1_tvw1_vw2_sf1.5_vwslate_ramp_hp50_vtp50_hls1_hus1_vls1_vus1_seed20,2657.2282219058116,2937.6256602964836,313.2017573799993,-32.804318989327086,14.789473684210526,9.210526315789474,0.0,1339.0791592269002,98.81101178000245,3.5359270531396185,18.972913158090943,83781.68903649278,52613.62946158216,0.6279848265969578,0.0,1.7137645557383903,10,4.874121772816172
architecture,mlp,21,abl_arch_mlp_hs128_nl3_ff256_cluster_balanced_bs32_lr0.0003_gc1_wd0.005_do0.2_adamw_warmup_cosine_two_stage_tau0.08_cop0.4_siw1_tvw1_vw2_sf1.5_vwslate_ramp_hp50_vtp50_hls1_hus1_vls1_vus1_seed21,2053.0506572750523,2886.7174438203037,866.3903342870839,-32.723547741833485,14.421052631578947,9.052631578947368,0.5263157894736842,1433.8400700208715,102.3306444550035,3.087828631817645,17.34820631559399,32229.861542723054,19497.442008635768,0.604949604973961,0.0,1.795739060444491,10,-4.66007405405592
architecture,mlp,22,abl_arch_mlp_hs128_nl3_ff256_cluster_balanced_bs32_lr0.0003_gc1_wd0.005_do0.2_adamw_warmup_cosine_two_stage_tau0.08_cop0.4_siw1_tvw1_vw2_sf1.5_vwslate_ramp_hp50_vtp50_hls1_hus1_vls1_vus1_seed22,2269.9526038104955,2875.2454726748147,632.673996698671,-27.381127834351435,14.631578947368421,9.157894736842104,0.21052631578947367,1279.1823340955004,100.11790579800436,3.246451738385459,17.704255156690795,66802.15303403421,36689.01893583049,0.5492191085089466,0.0,1.9806806100389525,25,4.598334352700679
architecture,mlp,23,abl_arch_mlp_hs128_nl3_ff256_cluster_balanced_bs32_lr0.0003_gc1_wd0.005_do0.2_adamw_warmup_cosine_two_stage_tau0.08_cop0.4_siw1_tvw1_vw2_sf1.5_vwslate_ramp_hp50_vtp50_hls1_hus1_vls1_vus1_seed23,2555.074103363849,2622.747288965981,91.27599072897468,-23.602805126842696,13.947368421052632,9.578947368421053,0.47368421052631576,1274.7341248902292,99.50699685799918,3.4652292631921897,20.702319051212584,7776.297803157526,4436.984869052514,0.570578054154626,0.0,1.1314588219835002,20,-3.6616792787829726
architecture,mlp,24,abl_arch_mlp_hs128_nl3_ff256_cluster_balanced_bs32_lr0.0003_gc1_wd0.005_do0.2_adamw_warmup_cosine_two_stage_tau0.08_cop0.4_siw1_tvw1_vw2_sf1.5_vwslate_ramp_hp50_vtp50_hls1_hus1_vls1_vus1_seed24,2130.723010061765,3088.0368292205344,985.6313593233901,-28.317540164621253,14.947368421052632,8.736842105263158,0.3157894736842105,1510.1023137767552,104.44953532399813,3.3112846844903143,20.982510316044728,16909.281611937502,14295.80050538615,0.8454410325329077,0.0,0.9796324715454526,10,2.754424012457725
architecture,mlp,25,abl_arch_mlp_hs128_nl3_ff256_cluster_balanced_bs32_lr0.0003_gc1_wd0.005_do0.2_adamw_warmup_cosine_two_stage_tau0.08_cop0.4_siw1_tvw1_vw2_sf1.5_vwslate_ramp_hp50_vtp50_hls1_hus1_vls1_vus1_seed25,2256.661062528895,3019.3906671578625,789.6443944317446,-26.914789802777143,14.789473684210526,9.0,0.21052631578947367,1430.6279028344663,108.35437711600389,3.608895578317491,21.58273378920153,60899.24244024015,30414.30093284679,0.49942002090899656,0.0,1.447645494172672,10,-0.7750275091454817
architecture,mlp,26,abl_arch_mlp_hs128_nl3_ff256_cluster_balanced_bs32_lr0.0003_gc1_wd0.005_do0.2_adamw_warmup_cosine_two_stage_tau0.08_cop0.4_siw1_tvw1_vw2_sf1.5_vwslate_ramp_hp50_vtp50_hls1_hus1_vls1_vus1_seed26,2335.1828991784014,2544.874144348368,231.9022112578604,-22.210966087893432,14.263157894736842,9.0,0.7368421052631579,1253.857161062986,115.64698471799784,4.216291525058057,24.604034105753893,19582.75793577639,11298.575688855803,0.5769654982158596,0.0,2.1360761826606276,20,-1.4479778679934412
architecture,mlp,27,abl_arch_mlp_hs128_nl3_ff256_cluster_balanced_bs32_lr0.0003_gc1_wd0.005_do0.2_adamw_warmup_cosine_two_stage_tau0.08_cop0.4_siw1_tvw1_vw2_sf1.5_vwslate_ramp_hp50_vtp50_hls1_hus1_vls1_vus1_seed27,2392.9938230039006,2727.6889658274317,359.7329503928459,-25.03780756931556,14.368421052631579,9.263157894736842,0.3684210526315789,1211.0447548513505,99.1994127240032,3.981708788686726,22.170923104950862,20397.65194199876,14537.001984114253,0.7126801665922424,0.0,0.6849108405838811,10,1.366101790199096
architecture,mlp,28,abl_arch_mlp_hs128_nl3_ff256_cluster_balanced_bs32_lr0.0003_gc1_wd0.005_do0.2_adamw_warmup_cosine_two_stage_tau0.08_cop0.4_siw1_tvw1_vw2_sf1.5_vwslate_ramp_hp50_vtp50_hls1_hus1_vls1_vus1_seed28,2489.128326815674,2786.567562374905,323.371946666962,-25.932711107730867,14.368421052631579,9.31578947368421,0.3157894736842105,1268.5045848997495,102.32476786500047,3.480633684375789,17.628407473430823,22206.40396805395,12816.80232123869,0.5771669442597233,0.0,1.5140792436158246,10,2.5390304221876834
architecture,mlp,29,abl_arch_mlp_hs128_nl3_ff256_cluster_balanced_bs32_lr0.0003_gc1_wd0.005_do0.2_adamw_warmup_cosine_two_stage_tau0.08_cop0.4_siw1_tvw1_vw2_sf1.5_vwslate_ramp_hp50_vtp50_hls1_hus1_vls1_vus1_seed29,2324.83488293777,2992.4111340452287,696.1221207530924,-28.545869645633196,14.736842105263158,8.789473684210526,0.47368421052631576,1275.841011118938,106.86705985300068,3.538808104502478,19.343274683418905,18218.550330171434,14044.462925812026,0.7708880603169193,0.0,0.9390269748739644,20,-0.6400374691635694
architecture,mlp,3,abl_arch_mlp_hs128_nl3_ff256_cluster_balanced_bs32_lr0.0003_gc1_wd0.005_do0.2_adamw_warmup_cosine_two_stage_tau0.08_cop0.4_siw1_tvw1_vw2_sf1.5_vwslate_ramp_hp50_vtp50_hls1_hus1_vls1_vus1_seed3,2138.2581131295506,3114.6231314444317,997.2095213818592,-20.84450306697896,14.210526315789474,8.210526315789474,1.5789473684210527,1452.6453820992447,101.03263498900196,3.3236212096342475,18.24614384301975,6952.385497029947,5022.659193507881,0.7224368090137633,0.0,1.7527026082033785,20,-7.404404707762683
architecture,mlp,30,abl_arch_mlp_hs128_nl3_ff256_cluster_balanced_bs32_lr0.0003_gc1_wd0.005_do0.2_adamw_warmup_cosine_two_stage_tau0.08_cop0.4_siw1_tvw1_vw2_sf1.5_vwslate_ramp_hp50_vtp50_hls1_hus1_vls1_vus1_seed30,2287.7914954697426,2951.0534767833747,689.4734911199257,-26.211509806294192,14.421052631578947,9.31578947368421,0.2631578947368421,1331.016450458279,103.07477565100271,3.7146010535683387,20.195671263009945,203891.58295279506,155762.13801181506,0.7639458959317467,0.0,4.266325254978515,25,21.12626042784298
architecture,mlp,31,abl_arch_mlp_hs128_nl3_ff256_cluster_balanced_bs32_lr0.0003_gc1_wd0.005_do0.2_adamw_warmup_cosine_two_stage_tau0.08_cop0.4_siw1_tvw1_vw2_sf1.5_vwslate_ramp_hp50_vtp50_hls1_hus1_vls1_vus1_seed31,2275.988717906906,3184.4536986691687,939.3479103323725,-30.882929570110218,14.736842105263158,8.842105263157896,0.42105263157894735,1392.655754019774,102.10361987599754,3.509702579896456,17.97344320986763,44117.46873429856,30767.091846234947,0.6973902340483887,0.0,2.2867279714863127,20,-2.1076103163642395
architecture,mlp,32,abl_arch_mlp_hs128_nl3_ff256_cluster_balanced_bs32_lr0.0003_gc1_wd0.005_do0.2_adamw_warmup_cosine_two_stage_tau0.08_cop0.4_siw1_tvw1_vw2_sf1.5_vwslate_ramp_hp50_vtp50_hls1_hus1_vls1_vus1_seed32,2625.169368335635,2841.325427201428,244.50547781399115,-28.349418948198622,14.210526315789474,9.421052631578947,0.3684210526315789,1290.778041805162,98.22814560999541,3.8459367366924293,19.07205510552127,52294.19022234883,28553.83868738508,0.5460231541205145,0.0,1.4222589046029157,20,-10.702584141547447
architecture,mlp,33,abl_arch_mlp_hs128_nl3_ff256_cluster_balanced_bs32_lr0.0003_gc1_wd0.005_do0.2_adamw_warmup_cosine_two_stage_tau0.08_cop0.4_siw1_tvw1_vw2_sf1.5_vwslate_ramp_hp50_vtp50_hls1_hus1_vls1_vus1_seed33,2443.1282556109572,2817.017856624721,397.2514568482353,-23.36185583447155,14.31578947368421,9.105263157894736,0.5789473684210527,1218.8483333387103,106.26666966600169,3.6750859469879957,19.64993273654009,24287.735757121616,17206.3376304375,0.7084372871354335,0.0,1.1240714483014818,20,-2.6217383009630826
architecture,mlp,34,abl_arch_mlp_hs128_nl3_ff256_cluster_balanced_bs32_lr0.0003_gc1_wd0.005_do0.2_adamw_warmup_cosine_two_stage_tau0.08_cop0.4_siw1_tvw1_vw2_sf1.5_vwslate_ramp_hp50_vtp50_hls1_hus1_vls1_vus1_seed34,2373.4048269493587,2950.402594601398,604.9487753718948,-27.951007719855557,14.368421052631579,9.421052631578947,0.21052631578947367,1409.2925319104563,97.41045905700594,3.2267426837566555,17.196352212953283,30666.924413972796,19256.26583089485,0.6279164343627853,0.0,1.7305632871712073,20,-13.25204271410464
architecture,mlp,35,abl_arch_mlp_hs128_nl3_ff256_cluster_balanced_bs32_lr0.0003_gc1_wd0.005_do0.2_adamw_warmup_cosine_two_stage_tau0.08_cop0.4_siw1_tvw1_vw2_sf1.5_vwslate_ramp_hp50_vtp50_hls1_hus1_vls1_vus1_seed35,2236.588682340579,3038.383592640763,831.7404287293062,-29.945518429122473,15.368421052631579,8.31578947368421,0.3157894736842105,1229.5919388770756,99.14363875500567,3.2314397364021525,18.15646963031644,6699.364994049073,2655.1873623471356,0.3963341846138688,0.0,0.5911258831808078,25,0.02267891007888721
architecture,mlp,36,abl_arch_mlp_hs128_nl3_ff256_cluster_balanced_bs32_lr0.0003_gc1_wd0.005_do0.2_adamw_warmup_cosine_two_stage_tau0.08_cop0.4_siw1_tvw1_vw2_sf1.5_vwslate_ramp_hp50_vtp50_hls1_hus1_vls1_vus1_seed36,2471.426769303096,3054.975278719016,605.0314096887156,-21.482900272796027,14.789473684210526,8.736842105263158,0.47368421052631576,1287.3111305580242,98.82355282700155,3.7592173704117733,19.23533694705264,55223.753576736206,24964.582507274492,0.45206239870285053,0.0,1.3861553101721684,25,0.16494629285092513
architecture,mlp,37,abl_arch_mlp_hs128_nl3_ff256_cluster_balanced_bs32_lr0.0003_gc1_wd0.005_do0.2_adamw_warmup_cosine_two_stage_tau0.08_cop0.4_siw1_tvw1_vw2_sf1.5_vwslate_ramp_hp50_vtp50_hls1_hus1_vls1_vus1_seed37,2254.9695976647927,2786.1458245699187,555.8772576973128,-24.701030792186135,14.157894736842104,9.473684210526315,0.3684210526315789,1441.1478587702652,97.79948280200188,3.484212052793928,18.255894737146598,25711.674322536088,13106.305900045503,0.5097414402358825,0.0,1.1301315428970775,20,-8.581156944108075
architecture,mlp,38,abl_arch_mlp_hs128_nl3_ff256_cluster_balanced_bs32_lr0.0003_gc1_wd0.005_do0.2_adamw_warmup_cosine_two_stage_tau0.08_cop0.4_siw1_tvw1_vw2_sf1.5_vwslate_ramp_hp50_vtp50_hls1_hus1_vls1_vus1_seed38,2573.628298312344,2594.409287985413,50.07817253055773,-29.29718285748833,14.263157894736842,9.578947368421053,0.15789473684210525,1278.62306297306,102.2861728429998,3.352551052414224,19.03733663110822,60182.75223929213,40925.21154379184,0.6800156194430832,0.0,2.771030519679972,20,-3.100139691016143
architecture,mlp,39,abl_arch_mlp_hs128_nl3_ff256_cluster_balanced_bs32_lr0.0003_gc1_wd0.005_do0.2_adamw_warmup_cosine_two_stage_tau0.08_cop0.4_siw1_tvw1_vw2_sf1.5_vwslate_ramp_hp50_vtp50_hls1_hus1_vls1_vus1_seed39,2449.754455059967,3022.583357874482,604.5762165678179,-31.74731375330372,14.526315789473685,9.105263157894736,0.3684210526315789,1295.284000495964,104.22413343199878,3.639771632151678,19.663918316885095,52310.807758056355,46147.250816694104,0.8821743114755668,0.0,2.9918521054824105,25,0.20080078616476232
architecture,mlp,4,abl_arch_mlp_hs128_nl3_ff256_cluster_balanced_bs32_lr0.0003_gc1_wd0.005_do0.2_adamw_warmup_cosine_two_stage_tau0.08_cop0.4_siw1_tvw1_vw2_sf1.5_vwslate_ramp_hp50_vtp50_hls1_hus1_vls1_vus1_seed4,2255.9222981020444,3008.6602341298826,783.1308356142399,-30.392899586401487,14.421052631578947,8.68421052631579,0.8947368421052632,1377.8053635713648,102.30021657200268,3.631637158258328,20.08180384291336,32129.871671660792,18646.965311546734,0.5803622716611638,0.0,1.649217969083123,25,20.71736999478996
architecture,mlp,40,abl_arch_mlp_hs128_nl3_ff256_cluster_balanced_bs32_lr0.0003_gc1_wd0.005_do0.2_adamw_warmup_cosine_two_stage_tau0.08_cop0.4_siw1_tvw1_vw2_sf1.5_vwslate_ramp_hp50_vtp50_hls1_hus1_vls1_vus1_seed40,2342.6914197433093,2879.8380072501973,562.9008885127411,-25.754301005852852,14.421052631578947,9.31578947368421,0.2631578947368421,1251.9993829661391,102.31134962600481,3.297424839968842,19.004723158248357,72470.59966163659,48162.97587016039,0.6645864129044347,0.0,2.194905037642361,25,30.481308856919757
architecture,mlp,41,abl_arch_mlp_hs128_nl3_ff256_cluster_balanced_bs32_lr0.0003_gc1_wd0.005_do0.2_adamw_warmup_cosine_two_stage_tau0.08_cop0.4_siw1_tvw1_vw2_sf1.5_vwslate_ramp_hp50_vtp50_hls1_hus1_vls1_vus1_seed41,2498.647742458457,2658.8290803296954,193.07654620283634,-32.89520833159748,14.157894736842104,9.210526315789474,0.631578947368421,1215.7276172724646,99.65487543400377,4.216969053806296,20.429309997493156,36055.95015767642,16095.421374151227,0.4464012542663353,0.0,1.3326791066077468,25,4.727185506162064
architecture,mlp,42,abl_arch_mlp_hs128_nl3_ff256_cluster_balanced_bs32_lr0.0003_gc1_wd0.005_do0.2_adamw_warmup_cosine_two_stage_tau0.08_cop0.4_siw1_tvw1_vw2_sf1.5_vwslate_ramp_hp50_vtp50_hls1_hus1_vls1_vus1_seed42,2131.505158308945,2780.656588265658,682.0105120052795,-32.85908204856672,14.526315789473685,9.263157894736842,0.21052631578947367,1475.1952720497575,101.24574017499981,3.3718897902872413,17.90389884110099,30924.149926829963,21674.99072741375,0.7009082150584327,0.0,1.721193788727475,20,-5.642681232938013
architecture,mlp,43,abl_arch_mlp_hs128_nl3_ff256_cluster_balanced_bs32_lr0.0003_gc1_wd0.005_do0.2_adamw_warmup_cosine_two_stage_tau0.08_cop0.4_siw1_tvw1_vw2_sf1.5_vwslate_ramp_hp50_vtp50_hls1_hus1_vls1_vus1_seed43,2135.473443256667,2739.3509013659377,629.8192733049195,-25.941815195648292,14.526315789473685,9.263157894736842,0.21052631578947367,1376.819418640655,104.63508858300338,3.6213265266269445,20.91989168318258,25797.2694513154,19724.572425691207,0.7645992326015517,0.0,1.7924654388231434,10,6.50024126221688
architecture,mlp,44,abl_arch_mlp_hs128_nl3_ff256_cluster_balanced_bs32_lr0.0003_gc1_wd0.005_do0.2_adamw_warmup_cosine_two_stage_tau0.08_cop0.4_siw1_tvw1_vw2_sf1.5_vwslate_ramp_hp50_vtp50_hls1_hus1_vls1_vus1_seed44,2114.92271894314,2855.175819173789,760.7090807471646,-20.45598051651528,14.210526315789474,9.052631578947368,0.7368421052631579,1491.9432496941697,104.40768968198972,3.4804379477128875,20.35872068403191,21263.374490069793,12098.854414694448,0.5689997333369985,0.0,1.435858559603835,25,4.824549471827418
architecture,mlp,45,abl_arch_mlp_hs128_nl3_ff256_cluster_balanced_bs32_lr0.0003_gc1_wd0.005_do0.2_adamw_warmup_cosine_two_stage_tau0.08_cop0.4_siw1_tvw1_vw2_sf1.5_vwslate_ramp_hp50_vtp50_hls1_hus1_vls1_vus1_seed45,2134.9590312594096,2597.862506640187,485.14788992971404,-22.244414548936646,14.052631578947368,9.789473684210526,0.15789473684210525,1471.5426013434283,106.20347631900222,3.415206421203421,19.692581263370812,69798.15111254805,74911.3414606697,1.0732568165004364,0.0,3.851361781508684,20,-15.443884477987412
architecture,mlp,46,abl_arch_mlp_hs128_nl3_ff256_cluster_balanced_bs32_lr0.0003_gc1_wd0.005_do0.2_adamw_warmup_cosine_two_stage_tau0.08_cop0.4_siw1_tvw1_vw2_sf1.5_vwslate_ramp_hp50_vtp50_hls1_hus1_vls1_vus1_seed46,2242.932175465764,3087.213126713055,874.6028559154399,-30.321904668149195,14.68421052631579,8.947368421052632,0.3684210526315789,1466.233149535991,109.18979786099226,3.427991315746974,19.234104157045582,38112.53359849729,20155.824881481796,0.528850301420961,0.0,1.6625306566907412,10,16.577779222258403
architecture,mlp,5,abl_arch_mlp_hs128_nl3_ff256_cluster_balanced_bs32_lr0.0003_gc1_wd0.005_do0.2_adamw_warmup_cosine_two_stage_tau0.08_cop0.4_siw1_tvw1_vw2_sf1.5_vwslate_ramp_hp50_vtp50_hls1_hus1_vls1_vus1_seed5,2403.035383092737,2863.273813326188,490.808459871892,-30.57002963844099,14.421052631578947,9.473684210526315,0.10526315789473684,1344.2898659749944,157.08002196600137,3.810956157394685,24.17224336884254,61898.45319951114,31731.857340371305,0.512643785105472,0.0,1.2855208757868877,20,-14.78097826584144
architecture,mlp,6,abl_arch_mlp_hs128_nl3_ff256_cluster_balanced_bs32_lr0.0003_gc1_wd0.005_do0.2_adamw_warmup_cosine_two_stage_tau0.08_cop0.4_siw1_tvw1_vw2_sf1.5_vwslate_ramp_hp50_vtp50_hls1_hus1_vls1_vus1_seed6,2222.3470682138704,2690.560052348602,492.5918241332904,-24.37883999855895,14.263157894736842,9.526315789473685,0.21052631578947367,1476.7686784954697,119.67414836300304,3.575363053976999,20.171395894354454,52678.13337726923,30220.580284388026,0.5736835826728116,0.0,1.9472483828411817,10,2.8988633884753843
architecture,mlp,7,abl_arch_mlp_hs128_nl3_ff256_cluster_balanced_bs32_lr0.0003_gc1_wd0.005_do0.2_adamw_warmup_cosine_two_stage_tau0.08_cop0.4_siw1_tvw1_vw2_sf1.5_vwslate_ramp_hp50_vtp50_hls1_hus1_vls1_vus1_seed7,2361.3176069636693,2954.6259828116094,619.6546263286048,-26.346250480664402,14.631578947368421,9.052631578947368,0.3157894736842105,1372.2321485274508,97.01179796099314,3.393672684691601,18.7482661046823,24521.73905044215,14172.110711469317,0.5779406869274951,0.0,1.4542090823948557,25,15.902876561579442
architecture,mlp,8,abl_arch_mlp_hs128_nl3_ff256_cluster_balanced_bs32_lr0.0003_gc1_wd0.005_do0.2_adamw_warmup_cosine_two_stage_tau0.08_cop0.4_siw1_tvw1_vw2_sf1.5_vwslate_ramp_hp50_vtp50_hls1_hus1_vls1_vus1_seed8,2474.4716071519406,2946.836123365533,505.7181600940473,-33.35364388045512,14.578947368421053,9.210526315789474,0.21052631578947367,1273.8333556622938,100.48002674600866,3.3947343181353062,18.02686726410971,37712.43645365023,26372.79842827294,0.699313035918163,0.0,1.9090387513381215,20,-1.1262535974393943
architecture,mlp,9,abl_arch_mlp_hs128_nl3_ff256_cluster_balanced_bs32_lr0.0003_gc1_wd0.005_do0.2_adamw_warmup_cosine_two_stage_tau0.08_cop0.4_siw1_tvw1_vw2_sf1.5_vwslate_ramp_hp50_vtp50_hls1_hus1_vls1_vus1_seed9,2482.635268556287,3074.3292950199975,628.5445928792775,-36.85056641556715,15.157894736842104,8.842105263157896,0.0,1372.4477387626061,97.96682564499497,3.661538839591422,20.950131104511552,29417.671441930215,13274.370178713902,0.451237964395557,0.0,2.078101863143123,10,-0.27462148435465283
architecture,transformer,0,abl_arch_transformer_hs128_nl3_ff256_cluster_balanced_bs32_lr0.0003_gc1_wd0.005_do0.2_adamw_warmup_cosine_two_stage_tau0.08_cop0.4_siw1_tvw1_vw2_sf1.5_vwslate_ramp_hp50_vtp50_hls1_hus1_vls1_vus1_seed0,2554.180025541446,3510.134310605481,997.29123724634,-41.33695218230549,16.0,8.0,0.0,1362.878934822136,154.39500319999934,4.613186473618139,19.273525578012737,201298.85215287766,129648.24483974109,0.644058540091818,0.0,0.8107747526470261,10,46.53535045599252
architecture,transformer,1,abl_arch_transformer_hs128_nl3_ff256_cluster_balanced_bs32_lr0.0003_gc1_wd0.005_do0.2_adamw_warmup_cosine_two_stage_tau0.08_cop0.4_siw1_tvw1_vw2_sf1.5_vwslate_ramp_hp50_vtp50_hls1_hus1_vls1_vus1_seed1,2644.7781501467334,2960.7929083350846,341.71215670993723,-25.697398521586468,13.210526315789474,10.578947368421053,0.21052631578947367,1303.7326932293604,147.13840411300043,4.721662262837574,19.53548057913155,245198.06441588775,130020.47863363754,0.5302671493079404,0.0,1.1279086090417916,25,1.9377876264656788
architecture,transformer,10,abl_arch_transformer_hs128_nl3_ff256_cluster_balanced_bs32_lr0.0003_gc1_wd0.005_do0.2_adamw_warmup_cosine_two_stage_tau0.08_cop0.4_siw1_tvw1_vw2_sf1.5_vwslate_ramp_hp50_vtp50_hls1_hus1_vls1_vus1_seed10,2590.4987332075316,3280.4495451881216,717.3883258547953,-27.437513874204534,14.263157894736842,9.526315789473685,0.21052631578947367,1346.0746844892465,147.94700219699985,4.9130340526421366,19.298447842139037,281440.07652327174,127890.43726967064,0.4544144488928023,0.0,0.82788107639172,20,-7.403995747215792
architecture,transformer,11,abl_arch_transformer_hs128_nl3_ff256_cluster_balanced_bs32_lr0.0003_gc1_wd0.005_do0.2_adamw_warmup_cosine_two_stage_tau0.08_cop0.4_siw1_tvw1_vw2_sf1.5_vwslate_ramp_hp50_vtp50_hls1_hus1_vls1_vus1_seed11,2487.8173634558975,3407.7288943411227,951.4538075994494,-31.54227671422456,14.578947368421053,9.31578947368421,0.10526315789473684,1479.1831278111656,146.84996710099995,4.672970578906787,19.135563947357742,326286.44780627073,168271.96254703205,0.5157185156735097,0.0,0.9217240297419358,20,-8.75062137085701
architecture,transformer,12,abl_arch_transformer_hs128_nl3_ff256_cluster_balanced_bs32_lr0.0003_gc1_wd0.005_do0.2_adamw_warmup_cosine_two_stage_tau0.08_cop0.4_siw1_tvw1_vw2_sf1.5_vwslate_ramp_hp50_vtp50_hls1_hus1_vls1_vus1_seed12,2474.214614485491,3047.527723878198,604.5593774323975,-31.24626803969082,13.526315789473685,9.68421052631579,0.7894736842105263,1370.8644251446945,149.44825160000005,4.277842631585085,18.116816736820557,199609.31444121536,95245.24064996988,0.4771582975303463,0.0,0.7008295154493065,25,27.80441176945886
architecture,transformer,13,abl_arch_transformer_hs128_nl3_ff256_cluster_balanced_bs32_lr0.0003_gc1_wd0.005_do0.2_adamw_warmup_cosine_two_stage_tau0.08_cop0.4_siw1_tvw1_vw2_sf1.5_vwslate_ramp_hp50_vtp50_hls1_hus1_vls1_vus1_seed13,2592.5432767392936,3311.871502176906,757.5581692448,-38.22994380718783,14.210526315789474,9.105263157894736,0.6842105263157895,1395.1177974811826,144.2189323409998,4.563462736816866,18.08834415796331,231456.7154949317,160189.02461661573,0.6920906324712944,0.0,1.0112449063530784,25,2.6314162379740726
architecture,transformer,14,abl_arch_transformer_hs128_nl3_ff256_cluster_balanced_bs32_lr0.0003_gc1_wd0.005_do0.2_adamw_warmup_cosine_two_stage_tau0.08_cop0.4_siw1_tvw1_vw2_sf1.5_vwslate_ramp_hp50_vtp50_hls1_hus1_vls1_vus1_seed14,2471.4980924423153,3290.3550271883983,835.555189418874,-16.698254672790835,15.052631578947368,8.947368421052632,0.0,1337.2143474283332,146.3900431899997,5.824930105303027,20.37111489476286,339313.45777501893,194915.05257076595,0.5744394986537904,0.0,2.355841352857168,10,10.087343158286624
architecture,transformer,15,abl_arch_transformer_hs128_nl3_ff256_cluster_balanced_bs32_lr0.0003_gc1_wd0.005_do0.2_adamw_warmup_cosine_two_stage_tau0.08_cop0.4_siw1_tvw1_vw2_sf1.5_vwslate_ramp_hp50_vtp50_hls1_hus1_vls1_vus1_seed15,2399.5832582836706,3002.624695228949,625.257173980584,-22.215737035305875,13.31578947368421,10.68421052631579,0.0,1314.7711278204724,244.79367312800014,6.022015105229098,47.78897773686415,255586.79058524722,95608.24588423908,0.3740735022546103,0.0,1.7300140104844224,25,2.67049620126913
architecture,transformer,16,abl_arch_transformer_hs128_nl3_ff256_cluster_balanced_bs32_lr0.0003_gc1_wd0.005_do0.2_adamw_warmup_cosine_two_stage_tau0.08_cop0.4_siw1_tvw1_vw2_sf1.5_vwslate_ramp_hp50_vtp50_hls1_hus1_vls1_vus1_seed16,2377.0065195168,2991.0981722101897,631.5395306697199,-17.447877976329707,13.368421052631579,10.578947368421053,0.05263157894736842,1318.241094451512,302.87483177300055,4.918885789409519,62.26139489502346,380557.5724430949,191208.79009092657,0.5024437928364129,0.0,2.0178422441048833,25,25.122413453122707
architecture,transformer,17,abl_arch_transformer_hs128_nl3_ff256_cluster_balanced_bs32_lr0.0003_gc1_wd0.005_do0.2_adamw_warmup_cosine_two_stage_tau0.08_cop0.4_siw1_tvw1_vw2_sf1.5_vwslate_ramp_hp50_vtp50_hls1_hus1_vls1_vus1_seed17,2535.2264648634014,2983.615747100304,459.3749256713013,-10.985643434399051,13.105263157894736,10.894736842105264,0.0,1314.0606399492103,298.9855004710007,4.8715527369303775,48.195025158029715,335988.27040094836,141619.42157757308,0.42150108814385967,0.0,1.6008704418729764,25,6.02355917770692
architecture,transformer,18,abl_arch_transformer_hs128_nl3_ff256_cluster_balanced_bs32_lr0.0003_gc1_wd0.005_do0.2_adamw_warmup_cosine_two_stage_tau0.08_cop0.4_siw1_tvw1_vw2_sf1.5_vwslate_ramp_hp50_vtp50_hls1_hus1_vls1_vus1_seed18,2466.803242768026,3327.8666086306794,883.9922463394796,-22.92888047682612,13.947368421052632,10.0,0.05263157894736842,1343.5420767148935,298.1077715659994,5.710620210600992,68.46584226341771,330696.54979496286,173821.06084029234,0.5256210291521461,0.0,1.4939227193359728,25,24.486911809404763
architecture,transformer,19,abl_arch_transformer_hs128_nl3_ff256_cluster_balanced_bs32_lr0.0003_gc1_wd0.005_do0.2_adamw_warmup_cosine_two_stage_tau0.08_cop0.4_siw1_tvw1_vw2_sf1.5_vwslate_ramp_hp50_vtp50_hls1_hus1_vls1_vus1_seed19,2501.6493587245836,3537.31218165084,1059.14015252373,-23.477329597473148,15.0,9.0,0.0,1363.6182564546245,143.54443467500096,4.3391683680774324,20.541374210504152,350828.6025743088,170366.14493874094,0.48561076174698664,0.0,2.359319195950535,10,10.766591446426737
architecture,transformer,2,abl_arch_transformer_hs128_nl3_ff256_cluster_balanced_bs32_lr0.0003_gc1_wd0.005_do0.2_adamw_warmup_cosine_two_stage_tau0.08_cop0.4_siw1_tvw1_vw2_sf1.5_vwslate_ramp_hp50_vtp50_hls1_hus1_vls1_vus1_seed2,2516.526213996338,3214.24018098561,711.8507942515351,-14.13682726226355,13.736842105263158,10.263157894736842,0.0,1331.254609786384,151.43986940600007,5.432720316763918,20.96872363089412,264321.6130590762,112637.37837239404,0.42613760210073875,0.0,1.1204288838665246,20,-7.925161395547632
architecture,transformer,20,abl_arch_transformer_hs128_nl3_ff256_cluster_balanced_bs32_lr0.0003_gc1_wd0.005_do0.2_adamw_warmup_cosine_two_stage_tau0.08_cop0.4_siw1_tvw1_vw2_sf1.5_vwslate_ramp_hp50_vtp50_hls1_hus1_vls1_vus1_seed20,2473.3906727096937,3374.656297037634,901.1158062010355,0.14981812690433682,13.789473684210526,9.631578947368421,0.5789473684210527,1421.0235089067157,144.64996576900012,4.646329368705138,18.57393673612693,425501.91595024423,317226.8080364745,0.7455355572912842,0.0,1.8100696012871977,10,7.1301960382697915
architecture,transformer,21,abl_arch_transformer_hs128_nl3_ff256_cluster_balanced_bs32_lr0.0003_gc1_wd0.005_do0.2_adamw_warmup_cosine_two_stage_tau0.08_cop0.4_siw1_tvw1_vw2_sf1.5_vwslate_ramp_hp50_vtp50_hls1_hus1_vls1_vus1_seed21,2443.2741716171618,3175.8969954488502,762.1211653266749,-29.498341494986885,13.368421052631579,10.473684210526315,0.15789473684210525,1357.1112294334398,142.61608678300036,4.451235262661756,19.218962579064904,575896.0995039518,582831.7768961545,1.0120432789841374,0.0,2.7042099589376725,25,13.524861743495975
architecture,transformer,22,abl_arch_transformer_hs128_nl3_ff256_cluster_balanced_bs32_lr0.0003_gc1_wd0.005_do0.2_adamw_warmup_cosine_two_stage_tau0.08_cop0.4_siw1_tvw1_vw2_sf1.5_vwslate_ramp_hp50_vtp50_hls1_hus1_vls1_vus1_seed22,2467.893452476774,3409.4241012430866,960.8609235080246,-19.330274741712373,14.947368421052632,9.052631578947368,0.0,1415.4923715911143,142.64219352999862,4.315540578988331,18.035365157533978,268324.27007219894,210404.9440908238,0.7841442894234256,0.0,0.9057463852971581,10,-0.12450080293910243
architecture,transformer,23,abl_arch_transformer_hs128_nl3_ff256_cluster_balanced_bs32_lr0.0003_gc1_wd0.005_do0.2_adamw_warmup_cosine_two_stage_tau0.08_cop0.4_siw1_tvw1_vw2_sf1.5_vwslate_ramp_hp50_vtp50_hls1_hus1_vls1_vus1_seed23,2545.025623374731,3223.2526476735466,703.968456545162,-25.74143224634622,13.894736842105264,9.473684210526315,0.631578947368421,1272.604263037337,146.0423950359982,5.417615104785287,24.512209579513996,318384.66367948585,163212.10680777175,0.5126255295138069,0.0,1.053990887353873,25,3.885995931675046
architecture,transformer,24,abl_arch_transformer_hs128_nl3_ff256_cluster_balanced_bs32_lr0.0003_gc1_wd0.005_do0.2_adamw_warmup_cosine_two_stage_tau0.08_cop0.4_siw1_tvw1_vw2_sf1.5_vwslate_ramp_hp50_vtp50_hls1_hus1_vls1_vus1_seed24,2372.837467738875,3092.080825189792,721.1831096555231,-1.9397522046064075,13.578947368421053,10.421052631578947,0.0,1342.8761330502389,151.43635569300386,4.875191000265707,20.853488791066123,238823.96114247185,113350.42865309051,0.47461916346605876,0.0,0.8134030478611314,10,8.962699252109616
architecture,transformer,25,abl_arch_transformer_hs128_nl3_ff256_cluster_balanced_bs32_lr0.0003_gc1_wd0.005_do0.2_adamw_warmup_cosine_two_stage_tau0.08_cop0.4_siw1_tvw1_vw2_sf1.5_vwslate_ramp_hp50_vtp50_hls1_hus1_vls1_vus1_seed25,2620.3525725929244,3187.382111083144,594.7191346628541,-27.689596172633927,14.789473684210526,9.157894736842104,0.05263157894736842,1323.8863912261804,157.17562483799702,4.730384000331948,19.86085057816174,277466.2192811053,140082.4348592171,0.5048630252077547,0.0,0.9336752216303333,10,-16.178822395352213
architecture,transformer,26,abl_arch_transformer_hs128_nl3_ff256_cluster_balanced_bs32_lr0.0003_gc1_wd0.005_do0.2_adamw_warmup_cosine_two_stage_tau0.08_cop0.4_siw1_tvw1_vw2_sf1.5_vwslate_ramp_hp50_vtp50_hls1_hus1_vls1_vus1_seed26,2470.719933509195,3079.0122661142464,621.7747624675758,-13.482429862524333,13.578947368421053,10.421052631578947,0.0,1251.1297455145825,161.73789290100103,5.175165789918729,21.519112526699534,298082.4100116552,120437.66611659598,0.40404150688357227,0.0,1.7089247094748727,25,5.361313944346125
architecture,transformer,27,abl_arch_transformer_hs128_nl3_ff256_cluster_balanced_bs32_lr0.0003_gc1_wd0.005_do0.2_adamw_warmup_cosine_two_stage_tau0.08_cop0.4_siw1_tvw1_vw2_sf1.5_vwslate_ramp_hp50_vtp50_hls1_hus1_vls1_vus1_seed27,2566.083657505622,3445.568534641256,891.8596999258809,-12.37482279024626,14.157894736842104,9.789473684210526,0.05263157894736842,1285.741011542371,146.52529617500113,4.663150157476163,20.780626422109844,312243.61311719025,127540.28216320362,0.40846402233801854,0.0,1.3749480990718541,10,54.00375079997464
architecture,transformer,28,abl_arch_transformer_hs128_nl3_ff256_cluster_balanced_bs32_lr0.0003_gc1_wd0.005_do0.2_adamw_warmup_cosine_two_stage_tau0.08_cop0.4_siw1_tvw1_vw2_sf1.5_vwslate_ramp_hp50_vtp50_hls1_hus1_vls1_vus1_seed28,2500.965071648055,3432.8679543089274,969.7511207226327,-37.848238061760604,14.736842105263158,9.157894736842104,0.10526315789473684,1440.1494431801968,145.24776282899984,4.7376657362053125,22.320746893360354,350752.78542073304,207023.42425171158,0.5902260305741663,0.0,1.6830697840458635,10,6.933187353948253
architecture,transformer,29,abl_arch_transformer_hs128_nl3_ff256_cluster_balanced_bs32_lr0.0003_gc1_wd0.005_do0.2_adamw_warmup_cosine_two_stage_tau0.08_cop0.4_siw1_tvw1_vw2_sf1.5_vwslate_ramp_hp50_vtp50_hls1_hus1_vls1_vus1_seed29,2424.725250683583,3091.098982415823,679.0001131962124,-12.626381463973146,13.157894736842104,10.105263157894736,0.7368421052631579,1404.2662334566837,151.31576363299973,5.680146946887314,21.384961788211704,303887.2191422727,228637.14435299268,0.7523749929277225,0.0,1.433651325895122,25,9.472705789592444
architecture,transformer,3,abl_arch_transformer_hs128_nl3_ff256_cluster_balanced_bs32_lr0.0003_gc1_wd0.005_do0.2_adamw_warmup_cosine_two_stage_tau0.08_cop0.4_siw1_tvw1_vw2_sf1.5_vwslate_ramp_hp50_vtp50_hls1_hus1_vls1_vus1_seed3,2535.1096333298765,3190.192018571162,672.6591551744208,-17.576769933135886,15.052631578947368,8.526315789473685,0.42105263157894735,1348.8258687433315,146.11756017900188,4.886340683074913,20.4255132630351,197727.5982896711,87861.16563373992,0.4443545888066836,0.0,1.16831865079386,10,1.0306743465703423
architecture,transformer,30,abl_arch_transformer_hs128_nl3_ff256_cluster_balanced_bs32_lr0.0003_gc1_wd0.005_do0.2_adamw_warmup_cosine_two_stage_tau0.08_cop0.4_siw1_tvw1_vw2_sf1.5_vwslate_ramp_hp50_vtp50_hls1_hus1_vls1_vus1_seed30,2520.596828751133,3623.936393465184,1139.156631693052,-35.81706697900045,15.052631578947368,8.368421052631579,0.5789473684210527,1379.1404215972145,149.7273611060009,4.424478262846701,18.944766211222344,244925.52396679958,152136.27546773653,0.6211532101830232,0.0,1.0226336337945856,20,-4.711628382597813
architecture,transformer,31,abl_arch_transformer_hs128_nl3_ff256_cluster_balanced_bs32_lr0.0003_gc1_wd0.005_do0.2_adamw_warmup_cosine_two_stage_tau0.08_cop0.4_siw1_tvw1_vw2_sf1.5_vwslate_ramp_hp50_vtp50_hls1_hus1_vls1_vus1_seed31,2533.8921141446854,3507.5012547017013,1009.4789372344043,-35.86979667738864,14.894736842105264,8.631578947368421,0.47368421052631576,1308.2791419430125,148.14417682199564,4.399782157346827,19.20463489506418,216069.79118372712,117916.06452040012,0.5457313763039391,0.0,0.914255209254285,25,13.287986726939307
architecture,transformer,32,abl_arch_transformer_hs128_nl3_ff256_cluster_balanced_bs32_lr0.0003_gc1_wd0.005_do0.2_adamw_warmup_cosine_two_stage_tau0.08_cop0.4_siw1_tvw1_vw2_sf1.5_vwslate_ramp_hp50_vtp50_hls1_hus1_vls1_vus1_seed32,2529.8994409752127,3112.9386518046676,629.9899298566608,-46.950719027205515,13.368421052631579,10.473684210526315,0.15789473684210525,1340.6768887747778,147.29705800300144,4.67233478909628,20.168301946940023,355626.6457172313,196913.04966963624,0.5537072433717672,0.0,1.8840226506760025,25,6.042394703488174
architecture,transformer,33,abl_arch_transformer_hs128_nl3_ff256_cluster_balanced_bs32_lr0.0003_gc1_wd0.005_do0.2_adamw_warmup_cosine_two_stage_tau0.08_cop0.4_siw1_tvw1_vw2_sf1.5_vwslate_ramp_hp50_vtp50_hls1_hus1_vls1_vus1_seed33,2532.236775271778,3306.1412834305556,806.9886683121422,-33.084160153363875,14.210526315789474,9.68421052631579,0.10526315789473684,1349.9729689793855,148.04988071200205,5.472304684716571,21.803410313671186,322756.3253232845,148546.11289825296,0.4602422981159665,0.0,1.5276925776759176,25,3.93895574963211
architecture,transformer,34,abl_arch_transformer_hs128_nl3_ff256_cluster_balanced_bs32_lr0.0003_gc1_wd0.005_do0.2_adamw_warmup_cosine_two_stage_tau0.08_cop0.4_siw1_tvw1_vw2_sf1.5_vwslate_ramp_hp50_vtp50_hls1_hus1_vls1_vus1_seed34,2578.5547419054474,3404.830056919011,852.1888235249685,-25.913508511405244,15.421052631578947,8.526315789473685,0.05263157894736842,1311.7827073934154,140.55640453999513,4.21000052837802,18.006951526714193,222783.76319553267,114570.0894445363,0.5142658863517828,0.0,0.9825993699833786,10,-57.407855969945466
architecture,transformer,35,abl_arch_transformer_hs128_nl3_ff256_cluster_balanced_bs32_lr0.0003_gc1_wd0.005_do0.2_adamw_warmup_cosine_two_stage_tau0.08_cop0.4_siw1_tvw1_vw2_sf1.5_vwslate_ramp_hp50_vtp50_hls1_hus1_vls1_vus1_seed35,2459.0947115820295,3182.6461904238845,748.6651437645061,-25.11366492265149,15.368421052631579,8.631578947368421,0.0,1301.5657153626787,141.08211816199764,5.027039792989136,19.374993527124293,250089.9358700435,118891.13921340821,0.47539353712813415,0.0,1.1623455637863935,10,10.867480795301907
architecture,transformer,36,abl_arch_transformer_hs128_nl3_ff256_cluster_balanced_bs32_lr0.0003_gc1_wd0.005_do0.2_adamw_warmup_cosine_two_stage_tau0.08_cop0.4_siw1_tvw1_vw2_sf1.5_vwslate_ramp_hp50_vtp50_hls1_hus1_vls1_vus1_seed36,2390.8720950782604,3140.216406802973,749.2794963799641,0.06481534474774377,13.947368421052632,10.052631578947368,0.0,1265.6139571962242,142.16167767799925,4.185875474113824,18.821268576797785,261429.27836761475,172546.90292049036,0.6600136908837716,0.0,1.4761293560269053,10,-15.456782264590101
architecture,transformer,37,abl_arch_transformer_hs128_nl3_ff256_cluster_balanced_bs32_lr0.0003_gc1_wd0.005_do0.2_adamw_warmup_cosine_two_stage_tau0.08_cop0.4_siw1_tvw1_vw2_sf1.5_vwslate_ramp_hp50_vtp50_hls1_hus1_vls1_vus1_seed37,2621.405498440711,3326.0520721803937,734.1521678571673,-29.5055941174846,14.210526315789474,9.0,0.7894736842105263,1358.388278411441,146.00065723099397,4.226806895243691,19.825891895666963,189682.17872514523,97577.55646071908,0.5144265903973597,0.0,0.9171235296399223,25,28.093346226351326
architecture,transformer,38,abl_arch_transformer_hs128_nl3_ff256_cluster_balanced_bs32_lr0.0003_gc1_wd0.005_do0.2_adamw_warmup_cosine_two_stage_tau0.08_cop0.4_siw1_tvw1_vw2_sf1.5_vwslate_ramp_hp50_vtp50_hls1_hus1_vls1_vus1_seed38,2474.441644515927,3306.7143385389027,865.4798253073263,-33.20713128434984,14.210526315789474,9.736842105263158,0.05263157894736842,1380.8921648053984,144.8640056919976,4.389759843960698,18.936207054617913,305106.7077470559,165470.50437361063,0.5423365012046587,0.0,2.0747359553830242,25,18.158352513099796
architecture,transformer,39,abl_arch_transformer_hs128_nl3_ff256_cluster_balanced_bs32_lr0.0003_gc1_wd0.005_do0.2_adamw_warmup_cosine_two_stage_tau0.08_cop0.4_siw1_tvw1_vw2_sf1.5_vwslate_ramp_hp50_vtp50_hls1_hus1_vls1_vus1_seed39,2415.2892138607945,3417.2494424885945,1041.0248243184515,-39.06459569065194,14.631578947368421,9.31578947368421,0.05263157894736842,1471.4284954761742,148.14474672000506,4.564493580562013,18.361465578077752,445230.76454858953,351284.2149791916,0.7889935802961675,0.0,2.3286951802794764,25,24.92351848142006
architecture,transformer,4,abl_arch_transformer_hs128_nl3_ff256_cluster_balanced_bs32_lr0.0003_gc1_wd0.005_do0.2_adamw_warmup_cosine_two_stage_tau0.08_cop0.4_siw1_tvw1_vw2_sf1.5_vwslate_ramp_hp50_vtp50_hls1_hus1_vls1_vus1_seed4,2356.2919722625097,3190.5741200161847,856.7224661909248,-22.44031843725004,14.0,9.947368421052632,0.05263157894736842,1257.7762805962159,145.61593275599444,4.9577729472443215,20.494948788837064,358882.69636551535,231485.6702510632,0.6450176411272259,0.0,1.0779105056496507,20,-10.60594220780812
architecture,transformer,40,abl_arch_transformer_hs128_nl3_ff256_cluster_balanced_bs32_lr0.0003_gc1_wd0.005_do0.2_adamw_warmup_cosine_two_stage_tau0.08_cop0.4_siw1_tvw1_vw2_sf1.5_vwslate_ramp_hp50_vtp50_hls1_hus1_vls1_vus1_seed40,2402.91383392798,3089.3360414233,701.5271730188634,-15.104965523544111,13.31578947368421,10.68421052631579,0.0,1327.257922349645,146.32243599399226,4.062728212662286,18.450188630499486,396990.8594976358,217594.36131879242,0.548109247638958,0.0,1.2902151614448631,25,21.891115332383777
architecture,transformer,41,abl_arch_transformer_hs128_nl3_ff256_cluster_balanced_bs32_lr0.0003_gc1_wd0.005_do0.2_adamw_warmup_cosine_two_stage_tau0.08_cop0.4_siw1_tvw1_vw2_sf1.5_vwslate_ramp_hp50_vtp50_hls1_hus1_vls1_vus1_seed41,2538.458493520889,3152.745406573496,629.6613844208314,-15.374471368224997,13.473684210526315,10.526315789473685,0.0,1323.3249547998566,147.80370004699216,4.455405527168248,19.232048894321593,367459.3611883213,187081.64135004798,0.5091219903747927,0.0,1.463400271203134,20,-6.4513925635185165
architecture,transformer,42,abl_arch_transformer_hs128_nl3_ff256_cluster_balanced_bs32_lr0.0003_gc1_wd0.005_do0.2_adamw_warmup_cosine_two_stage_tau0.08_cop0.4_siw1_tvw1_vw2_sf1.5_vwslate_ramp_hp50_vtp50_hls1_hus1_vls1_vus1_seed42,2464.697886093335,3399.0011908048323,958.1571224080371,-23.853817696539984,14.210526315789474,9.789473684210526,0.0,1297.362526229184,146.37070236900763,4.608926998212394,20.253156158631963,372759.44747459143,211589.18279327534,0.5676292961232001,0.0,2.435383923890206,20,-8.679056206050605
architecture,transformer,43,abl_arch_transformer_hs128_nl3_ff256_cluster_balanced_bs32_lr0.0003_gc1_wd0.005_do0.2_adamw_warmup_cosine_two_stage_tau0.08_cop0.4_siw1_tvw1_vw2_sf1.5_vwslate_ramp_hp50_vtp50_hls1_hus1_vls1_vus1_seed43,2482.298669751205,3306.390250060082,849.9331015327859,-25.841521223908977,14.105263157894736,9.31578947368421,0.5789473684210527,1478.470854464329,150.4238740120054,4.851589687811946,19.05391131846332,208681.3194928856,136840.22513534623,0.6557377798256226,0.0,1.100884883952405,25,38.605204269918666
architecture,transformer,44,abl_arch_transformer_hs128_nl3_ff256_cluster_balanced_bs32_lr0.0003_gc1_wd0.005_do0.2_adamw_warmup_cosine_two_stage_tau0.08_cop0.4_siw1_tvw1_vw2_sf1.5_vwslate_ramp_hp50_vtp50_hls1_hus1_vls1_vus1_seed44,2460.9729491909734,3029.352595500575,591.8765320366177,-23.49688572701655,13.263157894736842,10.736842105263158,0.0,1210.3188146614866,154.5825158630032,5.856610895869763,23.316046947576595,359951.15695987595,143895.56397596854,0.399764137977222,0.0,1.4547809750579705,25,20.52222508840465
architecture,transformer,45,abl_arch_transformer_hs128_nl3_ff256_cluster_balanced_bs32_lr0.0003_gc1_wd0.005_do0.2_adamw_warmup_cosine_two_stage_tau0.08_cop0.4_siw1_tvw1_vw2_sf1.5_vwslate_ramp_hp50_vtp50_hls1_hus1_vls1_vus1_seed45,2505.0028743542043,3589.9212018436488,1108.7034841123511,-23.785156622905475,15.052631578947368,8.947368421052632,0.0,1389.6691118199935,152.79954771998746,5.33731989439969,21.310621525595995,357638.8045361679,178131.4658470267,0.49807644916510263,0.0,1.397676615657256,10,16.841351479049738
architecture,transformer,46,abl_arch_transformer_hs128_nl3_ff256_cluster_balanced_bs32_lr0.0003_gc1_wd0.005_do0.2_adamw_warmup_cosine_two_stage_tau0.08_cop0.4_siw1_tvw1_vw2_sf1.5_vwslate_ramp_hp50_vtp50_hls1_hus1_vls1_vus1_seed46,2344.583362007052,2906.469937066866,575.6085214551357,-13.721946395321897,12.736842105263158,11.263157894736842,0.0,1487.1620729856452,153.84141289700347,4.685869632674822,19.91236694754518,299914.1132057146,192719.97145665364,0.6425838697509535,0.0,2.089690084887382,25,41.782339617205814
architecture,transformer,5,abl_arch_transformer_hs128_nl3_ff256_cluster_balanced_bs32_lr0.0003_gc1_wd0.005_do0.2_adamw_warmup_cosine_two_stage_tau0.08_cop0.4_siw1_tvw1_vw2_sf1.5_vwslate_ramp_hp50_vtp50_hls1_hus1_vls1_vus1_seed5,2475.1465468421184,3481.5817781604765,1042.758511401236,-36.32328008287831,14.789473684210526,8.263157894736842,0.9473684210526315,1459.6515284760376,166.26063228800194,5.235522526690099,20.251816105691862,206553.89266150037,142135.13113108475,0.688126131633913,0.0,0.7972513480961497,10,13.035020386274782
architecture,transformer,6,abl_arch_transformer_hs128_nl3_ff256_cluster_balanced_bs32_lr0.0003_gc1_wd0.005_do0.2_adamw_warmup_cosine_two_stage_tau0.08_cop0.4_siw1_tvw1_vw2_sf1.5_vwslate_ramp_hp50_vtp50_hls1_hus1_vls1_vus1_seed6,2543.610577305768,3370.9602177172383,860.0918256559677,-32.7421852444975,15.631578947368421,8.368421052631579,0.0,1368.6432661627803,211.4763344870007,6.108329788395694,27.25506505291713,228581.745681751,116160.70214736213,0.5081801339862455,0.0,1.4438977765282897,10,47.33337074241227
architecture,transformer,7,abl_arch_transformer_hs128_nl3_ff256_cluster_balanced_bs32_lr0.0003_gc1_wd0.005_do0.2_adamw_warmup_cosine_two_stage_tau0.08_cop0.4_siw1_tvw1_vw2_sf1.5_vwslate_ramp_hp50_vtp50_hls1_hus1_vls1_vus1_seed7,2416.8379894062978,3277.2546919418164,892.5990676250168,-32.18236508949807,14.473684210526315,9.421052631578947,0.10526315789473684,1441.6379064224518,147.89459259300202,4.49692768482859,18.87371184344183,381319.06868060713,227735.79184959666,0.5972315851855501,0.0,2.02042705396104,20,-17.299467227259868
architecture,transformer,8,abl_arch_transformer_hs128_nl3_ff256_cluster_balanced_bs32_lr0.0003_gc1_wd0.005_do0.2_adamw_warmup_cosine_two_stage_tau0.08_cop0.4_siw1_tvw1_vw2_sf1.5_vwslate_ramp_hp50_vtp50_hls1_hus1_vls1_vus1_seed8,2496.7431949113143,3444.80391243506,968.7069326950578,-20.646215171312033,15.368421052631579,8.631578947368421,0.0,1440.7546968263837,147.14349885800038,5.702684261977035,21.507324320019077,399863.0338269901,276388.3104427747,0.6912074562070181,0.0,2.084837785544789,10,21.086962083394212
architecture,transformer,9,abl_arch_transformer_hs128_nl3_ff256_cluster_balanced_bs32_lr0.0003_gc1_wd0.005_do0.2_adamw_warmup_cosine_two_stage_tau0.08_cop0.4_siw1_tvw1_vw2_sf1.5_vwslate_ramp_hp50_vtp50_hls1_hus1_vls1_vus1_seed9,2416.1128204394804,3105.5626238352384,706.2936769615827,-16.84387356582441,13.789473684210526,10.210526315789474,0.0,1420.0115346381035,144.51170929099317,4.917514054748033,19.113378315906676,529804.0416772891,336430.92571376666,0.6350101155300196,0.0,2.2148478552839346,25,14.339632946589475
dynamics,batch,0,abl_dyn_batch_transformer_hs128_nl3_ff256_cluster_balanced_bs32_lr0.0003_gc1_wd0.005_do0.2_adamw_warmup_cosine_two_stage_tau0.08_cop0.4_siw1_tvw1_vw2_sf1.5_vwslate_ramp_hp50_vtp50_hls1_hus1_vls1_vus1_seed0,2554.180025541446,3510.134310605481,997.29123724634,-41.33695218230549,16.0,8.0,0.0,1362.878934822136,147.2006886800009,4.670633683992109,20.711871262296643,201298.85215287766,129648.24483974109,0.644058540091818,0.0,0.8107747526470261,10,46.53535045599252
dynamics,batch,1,abl_dyn_batch_transformer_hs128_nl3_ff256_cluster_balanced_bs32_lr0.0003_gc1_wd0.005_do0.2_adamw_warmup_cosine_two_stage_tau0.08_cop0.4_siw1_tvw1_vw2_sf1.5_vwslate_ramp_hp50_vtp50_hls1_hus1_vls1_vus1_seed1,2644.7781501467334,2960.7929083350846,341.71215670993723,-25.697398521586468,13.210526315789474,10.578947368421053,0.21052631578947367,1303.7326932293604,147.3354256349994,4.365248526339297,19.163849053974875,245198.06441588775,130020.47863363754,0.5302671493079404,0.0,1.1279086090417916,25,1.9377876264656788
dynamics,batch,10,abl_dyn_batch_transformer_hs128_nl3_ff256_cluster_balanced_bs32_lr0.0003_gc1_wd0.005_do0.2_adamw_warmup_cosine_two_stage_tau0.08_cop0.4_siw1_tvw1_vw2_sf1.5_vwslate_ramp_hp50_vtp50_hls1_hus1_vls1_vus1_seed10,2590.4987332075316,3280.4495451881216,717.3883258547953,-27.437513874204534,14.263157894736842,9.526315789473685,0.21052631578947367,1346.0746844892465,295.3011843000004,5.9065236315099785,67.62501673672791,281440.07652327174,127890.43726967064,0.4544144488928023,0.0,0.82788107639172,20,-7.403995747215792
dynamics,batch,11,abl_dyn_batch_transformer_hs128_nl3_ff256_cluster_balanced_bs32_lr0.0003_gc1_wd0.005_do0.2_adamw_warmup_cosine_two_stage_tau0.08_cop0.4_siw1_tvw1_vw2_sf1.5_vwslate_ramp_hp50_vtp50_hls1_hus1_vls1_vus1_seed11,2487.8173634558975,3407.7288943411227,951.4538075994494,-31.54227671422456,14.578947368421053,9.31578947368421,0.10526315789473684,1479.1831278111656,301.3779764230003,5.772263157986775,63.81854884205639,326286.44780627073,168271.96254703205,0.5157185156735097,0.0,0.9217240297419358,20,-8.75062137085701
dynamics,batch,12,abl_dyn_batch_transformer_hs128_nl3_ff256_cluster_balanced_bs32_lr0.0003_gc1_wd0.005_do0.2_adamw_warmup_cosine_two_stage_tau0.08_cop0.4_siw1_tvw1_vw2_sf1.5_vwslate_ramp_hp50_vtp50_hls1_hus1_vls1_vus1_seed12,2474.214614485491,3047.527723878198,604.5593774323975,-31.24626803969082,13.526315789473685,9.68421052631579,0.7894736842105263,1370.8644251446945,297.1693245810002,5.228153684057409,56.45359157882156,199609.31444121536,95245.24064996988,0.4771582975303463,0.0,0.7008295154493065,25,27.80441176945886
dynamics,batch,13,abl_dyn_batch_transformer_hs128_nl3_ff256_cluster_balanced_bs32_lr0.0003_gc1_wd0.005_do0.2_adamw_warmup_cosine_two_stage_tau0.08_cop0.4_siw1_tvw1_vw2_sf1.5_vwslate_ramp_hp50_vtp50_hls1_hus1_vls1_vus1_seed13,2592.5432767392936,3311.871502176906,757.5581692448,-38.22994380718783,14.210526315789474,9.105263157894736,0.6842105263157895,1395.1177974811826,301.32542363500033,5.0316526842499645,46.15805442115647,231456.7154949317,160189.02461661573,0.6920906324712944,0.0,1.0112449063530784,25,2.6314162379740726
dynamics,batch,14,abl_dyn_batch_transformer_hs128_nl3_ff256_cluster_balanced_bs32_lr0.0003_gc1_wd0.005_do0.2_adamw_warmup_cosine_two_stage_tau0.08_cop0.4_siw1_tvw1_vw2_sf1.5_vwslate_ramp_hp50_vtp50_hls1_hus1_vls1_vus1_seed14,2471.4980924423153,3290.3550271883983,835.555189418874,-16.698254672790835,15.052631578947368,8.947368421052632,0.0,1337.2143474283332,289.264921760001,6.066204210583237,69.2424695263119,339313.45777501893,194915.05257076595,0.5744394986537904,0.0,2.355841352857168,10,10.087343158286624
dynamics,batch,15,abl_dyn_batch_transformer_hs128_nl3_ff256_cluster_balanced_bs32_lr0.0003_gc1_wd0.005_do0.2_adamw_warmup_cosine_two_stage_tau0.08_cop0.4_siw1_tvw1_vw2_sf1.5_vwslate_ramp_hp50_vtp50_hls1_hus1_vls1_vus1_seed15,2399.5832582836706,3002.624695228949,625.257173980584,-22.215737035305875,13.31578947368421,10.68421052631579,0.0,1314.7711278204724,244.6711072400003,5.301736684343364,59.14486747362963,255586.79058524722,95608.24588423908,0.3740735022546103,0.0,1.7300140104844224,25,2.67049620126913
dynamics,batch,16,abl_dyn_batch_transformer_hs128_nl3_ff256_cluster_balanced_bs32_lr0.0003_gc1_wd0.005_do0.2_adamw_warmup_cosine_two_stage_tau0.08_cop0.4_siw1_tvw1_vw2_sf1.5_vwslate_ramp_hp50_vtp50_hls1_hus1_vls1_vus1_seed16,2377.0065195168,2991.0981722101897,631.5395306697199,-17.447877976329707,13.368421052631579,10.578947368421053,0.05263157894736842,1318.241094451512,286.42926008799986,5.100150579126325,67.01671010494847,380557.5724430949,191208.79009092657,0.5024437928364129,0.0,2.0178422441048833,25,25.122413453122707
dynamics,batch,17,abl_dyn_batch_transformer_hs128_nl3_ff256_cluster_balanced_bs32_lr0.0003_gc1_wd0.005_do0.2_adamw_warmup_cosine_two_stage_tau0.08_cop0.4_siw1_tvw1_vw2_sf1.5_vwslate_ramp_hp50_vtp50_hls1_hus1_vls1_vus1_seed17,2535.2264648634014,2983.615747100304,459.3749256713013,-10.985643434399051,13.105263157894736,10.894736842105264,0.0,1314.0606399492103,299.6626744339992,5.316703894813576,66.64026247361969,335988.27040094836,141619.42157757308,0.42150108814385967,0.0,1.6008704418729764,25,6.02355917770692
dynamics,batch,18,abl_dyn_batch_transformer_hs128_nl3_ff256_cluster_balanced_bs32_lr0.0003_gc1_wd0.005_do0.2_adamw_warmup_cosine_two_stage_tau0.08_cop0.4_siw1_tvw1_vw2_sf1.5_vwslate_ramp_hp50_vtp50_hls1_hus1_vls1_vus1_seed18,2466.803242768026,3327.8666086306794,883.9922463394796,-22.92888047682612,13.947368421052632,10.0,0.05263157894736842,1343.5420767148935,300.74592802700136,6.304836104774088,64.18994426291503,330696.54979496286,173821.06084029234,0.5256210291521461,0.0,1.4939227193359728,25,24.486911809404763
dynamics,batch,19,abl_dyn_batch_transformer_hs128_nl3_ff256_cluster_balanced_bs32_lr0.0003_gc1_wd0.005_do0.2_adamw_warmup_cosine_two_stage_tau0.08_cop0.4_siw1_tvw1_vw2_sf1.5_vwslate_ramp_hp50_vtp50_hls1_hus1_vls1_vus1_seed19,2501.6493587245836,3537.31218165084,1059.14015252373,-23.477329597473148,15.0,9.0,0.0,1363.6182564546245,142.31921080100074,5.061565368362752,19.870311632410832,350828.6025743088,170366.14493874094,0.48561076174698664,0.0,2.359319195950535,10,10.766591446426737
dynamics,batch,2,abl_dyn_batch_transformer_hs128_nl3_ff256_cluster_balanced_bs32_lr0.0003_gc1_wd0.005_do0.2_adamw_warmup_cosine_two_stage_tau0.08_cop0.4_siw1_tvw1_vw2_sf1.5_vwslate_ramp_hp50_vtp50_hls1_hus1_vls1_vus1_seed2,2516.526213996338,3214.24018098561,711.8507942515351,-14.13682726226355,13.736842105263158,10.263157894736842,0.0,1331.254609786384,151.44502851400466,4.175099683619154,18.20358115870285,264321.6130590762,112637.37837239404,0.42613760210073875,0.0,1.1204288838665246,20,-7.925161395547632
dynamics,batch,20,abl_dyn_batch_transformer_hs128_nl3_ff256_cluster_balanced_bs32_lr0.0003_gc1_wd0.005_do0.2_adamw_warmup_cosine_two_stage_tau0.08_cop0.4_siw1_tvw1_vw2_sf1.5_vwslate_ramp_hp50_vtp50_hls1_hus1_vls1_vus1_seed20,2473.3906727096937,3374.656297037634,901.1158062010355,0.14981812690433682,13.789473684210526,9.631578947368421,0.5789473684210527,1421.0235089067157,144.79373693600064,4.2756299475226305,18.87032163167054,425501.91595024423,317226.8080364745,0.7455355572912842,0.0,1.8100696012871977,10,7.1301960382697915
dynamics,batch,21,abl_dyn_batch_transformer_hs128_nl3_ff256_cluster_balanced_bs32_lr0.0003_gc1_wd0.005_do0.2_adamw_warmup_cosine_two_stage_tau0.08_cop0.4_siw1_tvw1_vw2_sf1.5_vwslate_ramp_hp50_vtp50_hls1_hus1_vls1_vus1_seed21,2443.2741716171618,3175.8969954488502,762.1211653266749,-29.498341494986885,13.368421052631579,10.473684210526315,0.15789473684210525,1357.1112294334398,146.53774161099864,4.1718354738182635,19.022849684437173,575896.0995039518,582831.7768961545,1.0120432789841374,0.0,2.7042099589376725,25,13.524861743495975
dynamics,batch,22,abl_dyn_batch_transformer_hs128_nl3_ff256_cluster_balanced_bs32_lr0.0003_gc1_wd0.005_do0.2_adamw_warmup_cosine_two_stage_tau0.08_cop0.4_siw1_tvw1_vw2_sf1.5_vwslate_ramp_hp50_vtp50_hls1_hus1_vls1_vus1_seed22,2467.893452476774,3409.4241012430866,960.8609235080246,-19.330274741712373,14.947368421052632,9.052631578947368,0.0,1415.4923715911143,143.4502001849978,4.180639946992558,19.344798420972534,268324.27007219894,210404.9440908238,0.7841442894234256,0.0,0.9057463852971581,10,-0.12450080293910243
dynamics,batch,23,abl_dyn_batch_transformer_hs128_nl3_ff256_cluster_balanced_bs32_lr0.0003_gc1_wd0.005_do0.2_adamw_warmup_cosine_two_stage_tau0.08_cop0.4_siw1_tvw1_vw2_sf1.5_vwslate_ramp_hp50_vtp50_hls1_hus1_vls1_vus1_seed23,2545.025623374731,3223.2526476735466,703.968456545162,-25.74143224634622,13.894736842105264,9.473684210526315,0.631578947368421,1272.604263037337,146.2681167730043,5.167631789318923,21.324924947341636,318384.66367948585,163212.10680777175,0.5126255295138069,0.0,1.053990887353873,25,3.885995931675046
dynamics,batch,24,abl_dyn_batch_transformer_hs128_nl3_ff256_cluster_balanced_bs32_lr0.0003_gc1_wd0.005_do0.2_adamw_warmup_cosine_two_stage_tau0.08_cop0.4_siw1_tvw1_vw2_sf1.5_vwslate_ramp_hp50_vtp50_hls1_hus1_vls1_vus1_seed24,2372.837467738875,3092.080825189792,721.1831096555231,-1.9397522046064075,13.578947368421053,10.421052631578947,0.0,1342.8761330502389,153.28457929199794,4.662186790435379,20.34902021152543,238823.96114247185,113350.42865309051,0.47461916346605876,0.0,0.8134030478611314,10,8.962699252109616
dynamics,batch,25,abl_dyn_batch_transformer_hs128_nl3_ff256_cluster_balanced_bs32_lr0.0003_gc1_wd0.005_do0.2_adamw_warmup_cosine_two_stage_tau0.08_cop0.4_siw1_tvw1_vw2_sf1.5_vwslate_ramp_hp50_vtp50_hls1_hus1_vls1_vus1_seed25,2620.3525725929244,3187.382111083144,594.7191346628541,-27.689596172633927,14.789473684210526,9.157894736842104,0.05263157894736842,1323.8863912261804,154.06324963400402,5.178507790046034,22.75124605244185,277466.2192811053,140082.4348592171,0.5048630252077547,0.0,0.9336752216303333,10,-16.178822395352213
dynamics,batch,26,abl_dyn_batch_transformer_hs128_nl3_ff256_cluster_balanced_bs32_lr0.0003_gc1_wd0.005_do0.2_adamw_warmup_cosine_two_stage_tau0.08_cop0.4_siw1_tvw1_vw2_sf1.5_vwslate_ramp_hp50_vtp50_hls1_hus1_vls1_vus1_seed26,2470.719933509195,3079.0122661142464,621.7747624675758,-13.482429862524333,13.578947368421053,10.421052631578947,0.0,1251.1297455145825,148.04366111199488,4.804169053003486,20.793120106789406,298082.4100116552,120437.66611659598,0.40404150688357227,0.0,1.7089247094748727,25,5.361313944346125
dynamics,batch,27,abl_dyn_batch_transformer_hs128_nl3_ff256_cluster_balanced_bs32_lr0.0003_gc1_wd0.005_do0.2_adamw_warmup_cosine_two_stage_tau0.08_cop0.4_siw1_tvw1_vw2_sf1.5_vwslate_ramp_hp50_vtp50_hls1_hus1_vls1_vus1_seed27,2566.083657505622,3445.568534641256,891.8596999258809,-12.37482279024626,14.157894736842104,9.789473684210526,0.05263157894736842,1285.741011542371,145.99624094300088,4.958873474510926,21.543845368126455,312243.61311719025,127540.28216320362,0.40846402233801854,0.0,1.3749480990718541,10,54.00375079997464
dynamics,batch,28,abl_dyn_batch_transformer_hs128_nl3_ff256_cluster_balanced_bs32_lr0.0003_gc1_wd0.005_do0.2_adamw_warmup_cosine_two_stage_tau0.08_cop0.4_siw1_tvw1_vw2_sf1.5_vwslate_ramp_hp50_vtp50_hls1_hus1_vls1_vus1_seed28,2500.965071648055,3432.8679543089274,969.7511207226327,-37.848238061760604,14.736842105263158,9.157894736842104,0.10526315789473684,1440.1494431801968,145.6856274130041,5.990330157816826,23.74045636794395,350752.78542073304,207023.42425171158,0.5902260305741663,0.0,1.6830697840458635,10,6.933187353948253
dynamics,batch,29,abl_dyn_batch_transformer_hs128_nl3_ff256_cluster_balanced_bs32_lr0.0003_gc1_wd0.005_do0.2_adamw_warmup_cosine_two_stage_tau0.08_cop0.4_siw1_tvw1_vw2_sf1.5_vwslate_ramp_hp50_vtp50_hls1_hus1_vls1_vus1_seed29,2424.725250683583,3091.098982415823,679.0001131962124,-12.626381463973146,13.157894736842104,10.105263157894736,0.7368421052631579,1404.2662334566837,149.27840705300332,4.339201000938805,18.910698578876787,303887.2191422727,228637.14435299268,0.7523749929277225,0.0,1.433651325895122,25,9.472705789592444
dynamics,batch,3,abl_dyn_batch_transformer_hs128_nl3_ff256_cluster_balanced_bs32_lr0.0003_gc1_wd0.005_do0.2_adamw_warmup_cosine_two_stage_tau0.08_cop0.4_siw1_tvw1_vw2_sf1.5_vwslate_ramp_hp50_vtp50_hls1_hus1_vls1_vus1_seed3,2535.1096333298765,3190.192018571162,672.6591551744208,-17.576769933135886,15.052631578947368,8.526315789473685,0.42105263157894735,1348.8258687433315,146.64801032000105,5.002781105806782,21.19958531502083,197727.5982896711,87861.16563373992,0.4443545888066836,0.0,1.16831865079386,10,1.0306743465703423
dynamics,batch,30,abl_dyn_batch_transformer_hs128_nl3_ff256_cluster_balanced_bs32_lr0.0003_gc1_wd0.005_do0.2_adamw_warmup_cosine_two_stage_tau0.08_cop0.4_siw1_tvw1_vw2_sf1.5_vwslate_ramp_hp50_vtp50_hls1_hus1_vls1_vus1_seed30,2520.596828751133,3623.936393465184,1139.156631693052,-35.81706697900045,15.052631578947368,8.368421052631579,0.5789473684210527,1379.1404215972145,147.77751553599956,4.711898315642764,20.14877315722467,244925.52396679958,152136.27546773653,0.6211532101830232,0.0,1.0226336337945856,20,-4.711628382597813
dynamics,batch,31,abl_dyn_batch_transformer_hs128_nl3_ff256_cluster_balanced_bs32_lr0.0003_gc1_wd0.005_do0.2_adamw_warmup_cosine_two_stage_tau0.08_cop0.4_siw1_tvw1_vw2_sf1.5_vwslate_ramp_hp50_vtp50_hls1_hus1_vls1_vus1_seed31,2533.8921141446854,3507.5012547017013,1009.4789372344043,-35.86979667738864,14.894736842105264,8.631578947368421,0.47368421052631576,1308.2791419430125,147.48905308499525,4.398241999488643,18.020049000992195,216069.79118372712,117916.06452040012,0.5457313763039391,0.0,0.914255209254285,25,13.287986726939307
dynamics,batch,32,abl_dyn_batch_transformer_hs128_nl3_ff256_cluster_balanced_bs32_lr0.0003_gc1_wd0.005_do0.2_adamw_warmup_cosine_two_stage_tau0.08_cop0.4_siw1_tvw1_vw2_sf1.5_vwslate_ramp_hp50_vtp50_hls1_hus1_vls1_vus1_seed32,2529.8994409752127,3112.9386518046676,629.9899298566608,-46.950719027205515,13.368421052631579,10.473684210526315,0.15789473684210525,1340.6768887747778,144.61663328599388,4.936731790382366,18.544029474708765,355626.6457172313,196913.04966963624,0.5537072433717672,0.0,1.8840226506760025,25,6.042394703488174
dynamics,batch,33,abl_dyn_batch_transformer_hs128_nl3_ff256_cluster_balanced_bs32_lr0.0003_gc1_wd0.005_do0.2_adamw_warmup_cosine_two_stage_tau0.08_cop0.4_siw1_tvw1_vw2_sf1.5_vwslate_ramp_hp50_vtp50_hls1_hus1_vls1_vus1_seed33,2532.236775271778,3306.1412834305556,806.9886683121422,-33.084160153363875,14.210526315789474,9.68421052631579,0.10526315789473684,1349.9729689793855,147.50295043400547,4.80205152876136,19.41981347351286,322756.3253232845,148546.11289825296,0.4602422981159665,0.0,1.5276925776759176,25,3.93895574963211
dynamics,batch,34,abl_dyn_batch_transformer_hs128_nl3_ff256_cluster_balanced_bs32_lr0.0003_gc1_wd0.005_do0.2_adamw_warmup_cosine_two_stage_tau0.08_cop0.4_siw1_tvw1_vw2_sf1.5_vwslate_ramp_hp50_vtp50_hls1_hus1_vls1_vus1_seed34,2578.5547419054474,3404.830056919011,852.1888235249685,-25.913508511405244,15.421052631578947,8.526315789473685,0.05263157894736842,1311.7827073934154,139.62466556100117,4.643075261571395,19.273812051611266,222783.76319553267,114570.0894445363,0.5142658863517828,0.0,0.9825993699833786,10,-57.407855969945466
dynamics,batch,35,abl_dyn_batch_transformer_hs128_nl3_ff256_cluster_balanced_bs32_lr0.0003_gc1_wd0.005_do0.2_adamw_warmup_cosine_two_stage_tau0.08_cop0.4_siw1_tvw1_vw2_sf1.5_vwslate_ramp_hp50_vtp50_hls1_hus1_vls1_vus1_seed35,2459.0947115820295,3182.6461904238845,748.6651437645061,-25.11366492265149,15.368421052631579,8.631578947368421,0.0,1301.5657153626787,142.18808589300897,4.116629790300259,18.769311894031585,250089.9358700435,118891.13921340821,0.47539353712813415,0.0,1.1623455637863935,10,10.867480795301907
dynamics,batch,36,abl_dyn_batch_transformer_hs128_nl3_ff256_cluster_balanced_bs32_lr0.0003_gc1_wd0.005_do0.2_adamw_warmup_cosine_two_stage_tau0.08_cop0.4_siw1_tvw1_vw2_sf1.5_vwslate_ramp_hp50_vtp50_hls1_hus1_vls1_vus1_seed36,2390.8720950782604,3140.216406802973,749.2794963799641,0.06481534474774377,13.947368421052632,10.052631578947368,0.0,1265.6139571962242,143.68321415300306,4.369025896027635,19.01065747293423,261429.27836761475,172546.90292049036,0.6600136908837716,0.0,1.4761293560269053,10,-15.456782264590101
dynamics,batch,37,abl_dyn_batch_transformer_hs128_nl3_ff256_cluster_balanced_bs32_lr0.0003_gc1_wd0.005_do0.2_adamw_warmup_cosine_two_stage_tau0.08_cop0.4_siw1_tvw1_vw2_sf1.5_vwslate_ramp_hp50_vtp50_hls1_hus1_vls1_vus1_seed37,2621.405498440711,3326.0520721803937,734.1521678571673,-29.5055941174846,14.210526315789474,9.0,0.7894736842105263,1358.388278411441,145.14986872900045,4.515088893975572,18.732765106649726,189682.17872514523,97577.55646071908,0.5144265903973597,0.0,0.9171235296399223,25,28.093346226351326
dynamics,batch,38,abl_dyn_batch_transformer_hs128_nl3_ff256_cluster_balanced_bs32_lr0.0003_gc1_wd0.005_do0.2_adamw_warmup_cosine_two_stage_tau0.08_cop0.4_siw1_tvw1_vw2_sf1.5_vwslate_ramp_hp50_vtp50_hls1_hus1_vls1_vus1_seed38,2474.441644515927,3306.7143385389027,865.4798253073263,-33.20713128434984,14.210526315789474,9.736842105263158,0.05263157894736842,1380.8921648053984,146.48728342600225,4.491626736891799,19.570562734244096,305106.7077470559,165470.50437361063,0.5423365012046587,0.0,2.0747359553830242,25,18.158352513099796
dynamics,batch,39,abl_dyn_batch_transformer_hs128_nl3_ff256_cluster_balanced_bs32_lr0.0003_gc1_wd0.005_do0.2_adamw_warmup_cosine_two_stage_tau0.08_cop0.4_siw1_tvw1_vw2_sf1.5_vwslate_ramp_hp50_vtp50_hls1_hus1_vls1_vus1_seed39,2415.2892138607945,3417.2494424885945,1041.0248243184515,-39.06459569065194,14.631578947368421,9.31578947368421,0.05263157894736842,1471.4284954761742,149.2376102180133,4.819328471632233,19.99721310475204,445230.76454858953,351284.2149791916,0.7889935802961675,0.0,2.3286951802794764,25,24.92351848142006
dynamics,batch,4,abl_dyn_batch_transformer_hs128_nl3_ff256_cluster_balanced_bs32_lr0.0003_gc1_wd0.005_do0.2_adamw_warmup_cosine_two_stage_tau0.08_cop0.4_siw1_tvw1_vw2_sf1.5_vwslate_ramp_hp50_vtp50_hls1_hus1_vls1_vus1_seed4,2356.2919722625097,3190.5741200161847,856.7224661909248,-22.44031843725004,14.0,9.947368421052632,0.05263157894736842,1257.7762805962159,148.7148169400025,4.910201578336694,20.736501842054025,358882.69636551535,231485.6702510632,0.6450176411272259,0.0,1.0779105056496507,20,-10.60594220780812
dynamics,batch,40,abl_dyn_batch_transformer_hs128_nl3_ff256_cluster_balanced_bs32_lr0.0003_gc1_wd0.005_do0.2_adamw_warmup_cosine_two_stage_tau0.08_cop0.4_siw1_tvw1_vw2_sf1.5_vwslate_ramp_hp50_vtp50_hls1_hus1_vls1_vus1_seed40,2402.91383392798,3089.3360414233,701.5271730188634,-15.104965523544111,13.31578947368421,10.68421052631579,0.0,1327.257922349645,148.60318492799706,4.093486473338041,19.033591263762087,396990.8594976358,217594.36131879242,0.548109247638958,0.0,1.2902151614448631,25,21.891115332383777
dynamics,batch,41,abl_dyn_batch_transformer_hs128_nl3_ff256_cluster_balanced_bs32_lr0.0003_gc1_wd0.005_do0.2_adamw_warmup_cosine_two_stage_tau0.08_cop0.4_siw1_tvw1_vw2_sf1.5_vwslate_ramp_hp50_vtp50_hls1_hus1_vls1_vus1_seed41,2538.458493520889,3152.745406573496,629.6613844208314,-15.374471368224997,13.473684210526315,10.526315789473685,0.0,1323.3249547998566,145.17864822299452,4.3598921068846,20.36096968406223,367459.3611883213,187081.64135004798,0.5091219903747927,0.0,1.463400271203134,20,-6.4513925635185165
dynamics,batch,42,abl_dyn_batch_transformer_hs128_nl3_ff256_cluster_balanced_bs32_lr0.0003_gc1_wd0.005_do0.2_adamw_warmup_cosine_two_stage_tau0.08_cop0.4_siw1_tvw1_vw2_sf1.5_vwslate_ramp_hp50_vtp50_hls1_hus1_vls1_vus1_seed42,2464.697886093335,3399.0011908048323,958.1571224080371,-23.853817696539984,14.210526315789474,9.789473684210526,0.0,1297.362526229184,145.6981326469977,5.25183536611669,21.177321053600235,372759.44747459143,211589.18279327534,0.5676292961232001,0.0,2.435383923890206,20,-8.679056206050605
dynamics,batch,43,abl_dyn_batch_transformer_hs128_nl3_ff256_cluster_balanced_bs32_lr0.0003_gc1_wd0.005_do0.2_adamw_warmup_cosine_two_stage_tau0.08_cop0.4_siw1_tvw1_vw2_sf1.5_vwslate_ramp_hp50_vtp50_hls1_hus1_vls1_vus1_seed43,2482.298669751205,3306.390250060082,849.9331015327859,-25.841521223908977,14.105263157894736,9.31578947368421,0.5789473684210527,1478.470854464329,154.18852729699574,4.71029589626644,20.34334468158991,208681.3194928856,136840.22513534623,0.6557377798256226,0.0,1.100884883952405,25,38.605204269918666
dynamics,batch,44,abl_dyn_batch_transformer_hs128_nl3_ff256_cluster_balanced_bs32_lr0.0003_gc1_wd0.005_do0.2_adamw_warmup_cosine_two_stage_tau0.08_cop0.4_siw1_tvw1_vw2_sf1.5_vwslate_ramp_hp50_vtp50_hls1_hus1_vls1_vus1_seed44,2460.9729491909734,3029.352595500575,591.8765320366177,-23.49688572701655,13.263157894736842,10.736842105263158,0.0,1210.3188146614866,152.3284569170064,4.467530261057331,19.261449527173106,359951.15695987595,143895.56397596854,0.399764137977222,0.0,1.4547809750579705,25,20.52222508840465
dynamics,batch,45,abl_dyn_batch_transformer_hs128_nl3_ff256_cluster_balanced_bs32_lr0.0003_gc1_wd0.005_do0.2_adamw_warmup_cosine_two_stage_tau0.08_cop0.4_siw1_tvw1_vw2_sf1.5_vwslate_ramp_hp50_vtp50_hls1_hus1_vls1_vus1_seed45,2505.0028743542043,3589.9212018436488,1108.7034841123511,-23.785156622905475,15.052631578947368,8.947368421052632,0.0,1389.6691118199935,152.6322675320116,5.009803840565789,21.455233841583034,357638.8045361679,178131.4658470267,0.49807644916510263,0.0,1.397676615657256,10,16.841351479049738
dynamics,batch,46,abl_dyn_batch_transformer_hs128_nl3_ff256_cluster_balanced_bs32_lr0.0003_gc1_wd0.005_do0.2_adamw_warmup_cosine_two_stage_tau0.08_cop0.4_siw1_tvw1_vw2_sf1.5_vwslate_ramp_hp50_vtp50_hls1_hus1_vls1_vus1_seed46,2344.583362007052,2906.469937066866,575.6085214551357,-13.721946395321897,12.736842105263158,11.263157894736842,0.0,1487.1620729856452,156.73920671000087,4.531274739603855,20.92089315824284,299914.1132057146,192719.97145665364,0.6425838697509535,0.0,2.089690084887382,25,41.782339617205814
dynamics,batch,5,abl_dyn_batch_transformer_hs128_nl3_ff256_cluster_balanced_bs32_lr0.0003_gc1_wd0.005_do0.2_adamw_warmup_cosine_two_stage_tau0.08_cop0.4_siw1_tvw1_vw2_sf1.5_vwslate_ramp_hp50_vtp50_hls1_hus1_vls1_vus1_seed5,2475.1465468421184,3481.5817781604765,1042.758511401236,-36.32328008287831,14.789473684210526,8.263157894736842,0.9473684210526315,1459.6515284760376,153.56228624700452,4.614385525775632,18.30669821126656,206553.89266150037,142135.13113108475,0.688126131633913,0.0,0.7972513480961497,10,13.035020386274782
dynamics,batch,6,abl_dyn_batch_transformer_hs128_nl3_ff256_cluster_balanced_bs32_lr0.0003_gc1_wd0.005_do0.2_adamw_warmup_cosine_two_stage_tau0.08_cop0.4_siw1_tvw1_vw2_sf1.5_vwslate_ramp_hp50_vtp50_hls1_hus1_vls1_vus1_seed6,2543.610577305768,3370.9602177172383,860.0918256559677,-32.7421852444975,15.631578947368421,8.368421052631579,0.0,1368.6432661627803,152.60284019299434,4.566939315593213,18.521554103292722,228581.745681751,116160.70214736213,0.5081801339862455,0.0,1.4438977765282897,10,47.33337074241227
dynamics,batch,7,abl_dyn_batch_transformer_hs128_nl3_ff256_cluster_balanced_bs32_lr0.0003_gc1_wd0.005_do0.2_adamw_warmup_cosine_two_stage_tau0.08_cop0.4_siw1_tvw1_vw2_sf1.5_vwslate_ramp_hp50_vtp50_hls1_hus1_vls1_vus1_seed7,2416.8379894062978,3277.2546919418164,892.5990676250168,-32.18236508949807,14.473684210526315,9.421052631578947,0.10526315789473684,1441.6379064224518,154.57359197399637,4.6200485268950855,21.33314184289989,381319.06868060713,227735.79184959666,0.5972315851855501,0.0,2.02042705396104,20,-17.299467227259868
dynamics,batch,8,abl_dyn_batch_transformer_hs128_nl3_ff256_cluster_balanced_bs32_lr0.0003_gc1_wd0.005_do0.2_adamw_warmup_cosine_two_stage_tau0.08_cop0.4_siw1_tvw1_vw2_sf1.5_vwslate_ramp_hp50_vtp50_hls1_hus1_vls1_vus1_seed8,2496.7431949113143,3444.80391243506,968.7069326950578,-20.646215171312033,15.368421052631579,8.631578947368421,0.0,1440.7546968263837,155.55289730800723,5.250873263943696,23.678311891241098,399863.0338269901,276388.3104427747,0.6912074562070181,0.0,2.084837785544789,10,21.086962083394212
dynamics,batch,9,abl_dyn_batch_transformer_hs128_nl3_ff256_cluster_balanced_bs32_lr0.0003_gc1_wd0.005_do0.2_adamw_warmup_cosine_two_stage_tau0.08_cop0.4_siw1_tvw1_vw2_sf1.5_vwslate_ramp_hp50_vtp50_hls1_hus1_vls1_vus1_seed9,2416.1128204394804,3105.5626238352384,706.2936769615827,-16.84387356582441,13.789473684210526,10.210526315789474,0.0,1420.0115346381035,157.9607863380079,5.015943103659849,20.365656790090725,529804.0416772891,336430.92571376666,0.6350101155300196,0.0,2.2148478552839346,25,14.339632946589475
dynamics,step,0,abl_dyn_step_transformer_hs128_nl3_ff256_cluster_balanced_bs32_lr0.0003_gc1_wd0.005_do0.2_adamw_warmup_cosine_two_stage_tau0.08_cop0.4_siw1_tvw1_vw2_sf1.5_vwslate_ramp_hp50_vtp50_hls1_hus1_vls1_vus1_seed0_dynstep_invpreprocess-inverse-upc,2129.120132248188,3220.0856551461475,1090.965522897959,0.0,6.526315789473684,4.421052631578948,13.052631578947368,1359.7871051809502,1858.6952370340005,53.98900873727766,15.371233788181073,90462.31555811873,42059.44206606735,0.46493881796609215,0.0,0.5456857785476988,25,9.562501137866043
dynamics,step,10,abl_dyn_step_transformer_hs128_nl3_ff256_cluster_balanced_bs32_lr0.0003_gc1_wd0.005_do0.2_adamw_warmup_cosine_two_stage_tau0.08_cop0.4_siw1_tvw1_vw2_sf1.5_vwslate_ramp_hp50_vtp50_hls1_hus1_vls1_vus1_seed10_dynstep_invpreprocess-inverse-upc,2101.8688774632465,3625.5861756458685,1523.7172981826216,0.0,9.947368421052632,3.8421052631578947,10.210526315789474,1337.970447906401,2967.7385334150003,154.40709784237887,56.81927231575843,93087.08250957452,52197.66019145745,0.5607401025388096,0.0,0.4820940393950994,20,-6.524105093052719
dynamics,step,11,abl_dyn_step_transformer_hs128_nl3_ff256_cluster_balanced_bs32_lr0.0003_gc1_wd0.005_do0.2_adamw_warmup_cosine_two_stage_tau0.08_cop0.4_siw1_tvw1_vw2_sf1.5_vwslate_ramp_hp50_vtp50_hls1_hus1_vls1_vus1_seed11_dynstep_invpreprocess-inverse-upc,2139.9817995565872,3139.168833134633,999.1870335780455,0.0,6.947368421052632,4.368421052631579,12.68421052631579,1360.431860996722,3255.883162721,114.09558831579297,35.0607419470754,90984.19758588211,59239.440963320114,0.6510959324271957,0.0,0.4441017263476034,25,8.113711477393414
dynamics,step,12,abl_dyn_step_transformer_hs128_nl3_ff256_cluster_balanced_bs32_lr0.0003_gc1_wd0.005_do0.2_adamw_warmup_cosine_two_stage_tau0.08_cop0.4_siw1_tvw1_vw2_sf1.5_vwslate_ramp_hp50_vtp50_hls1_hus1_vls1_vus1_seed12_dynstep_invpreprocess-inverse-upc,2124.302629549359,3135.6531556783825,1011.3505261290223,0.0,6.2105263157894735,4.315789473684211,13.473684210526315,1379.5398491740698,3086.5434990960002,138.35513899960605,32.25693415802916,87901.50731279953,50349.39166488637,0.5727932683306204,0.0,0.4668524694003585,25,3.8937614761552943
dynamics,step,13,abl_dyn_step_transformer_hs128_nl3_ff256_cluster_balanced_bs32_lr0.0003_gc1_wd0.005_do0.2_adamw_warmup_cosine_two_stage_tau0.08_cop0.4_siw1_tvw1_vw2_sf1.5_vwslate_ramp_hp50_vtp50_hls1_hus1_vls1_vus1_seed13_dynstep_invpreprocess-inverse-upc,2159.7180127598626,3456.0873627851192,1296.3693500252562,0.0,7.052631578947368,4.2105263157894735,12.736842105263158,1375.0319810890974,3062.261338294,131.62415157823585,42.595841895251255,98182.33369983613,55800.75062674031,0.5683379944637987,0.0,0.513644834560375,20,-1.3587645273555375
dynamics,step,14,abl_dyn_step_transformer_hs128_nl3_ff256_cluster_balanced_bs32_lr0.0003_gc1_wd0.005_do0.2_adamw_warmup_cosine_two_stage_tau0.08_cop0.4_siw1_tvw1_vw2_sf1.5_vwslate_ramp_hp50_vtp50_hls1_hus1_vls1_vus1_seed14_dynstep_invpreprocess-inverse-upc,2213.402273090668,3729.1598367334977,1507.771443342537,7.986120300292968,9.31578947368421,4.7368421052631575,9.947368421052632,1407.9676681127066,3231.606524674,142.02798057885957,68.23498021051483,93068.47010880637,54881.83376619867,0.589693090496022,0.0,0.41713718244618303,20,-19.791114398983243
dynamics,step,15,abl_dyn_step_transformer_hs128_nl3_ff256_cluster_balanced_bs32_lr0.0003_gc1_wd0.005_do0.2_adamw_warmup_cosine_two_stage_tau0.08_cop0.4_siw1_tvw1_vw2_sf1.5_vwslate_ramp_hp50_vtp50_hls1_hus1_vls1_vus1_seed15_dynstep_invpreprocess-inverse-upc,2219.1353025540243,3265.3988290775987,1046.2635265235747,0.0,6.684210526315789,4.842105263157895,12.473684210526315,1393.0917987793403,2933.515679553,157.79473973663315,45.81698505257679,96229.41821057987,52559.26652462703,0.5461870964408309,0.0,0.4881124357073902,25,38.42912299750979
dynamics,step,16,abl_dyn_step_transformer_hs128_nl3_ff256_cluster_balanced_bs32_lr0.0003_gc1_wd0.005_do0.2_adamw_warmup_cosine_two_stage_tau0.08_cop0.4_siw1_tvw1_vw2_sf1.5_vwslate_ramp_hp50_vtp50_hls1_hus1_vls1_vus1_seed16_dynstep_invpreprocess-inverse-upc,2178.4127333872325,3377.8638422445874,1199.4511088573552,0.0,6.894736842105263,4.2631578947368425,12.842105263157896,1474.5112902354242,3333.8241016329994,158.78135389481795,32.1802107369685,81683.65994389151,55572.174862539585,0.6803340460100845,0.0,0.3628232071612679,25,21.438413285201705
dynamics,step,17,abl_dyn_step_transformer_hs128_nl3_ff256_cluster_balanced_bs32_lr0.0003_gc1_wd0.005_do0.2_adamw_warmup_cosine_two_stage_tau0.08_cop0.4_siw1_tvw1_vw2_sf1.5_vwslate_ramp_hp50_vtp50_hls1_hus1_vls1_vus1_seed17_dynstep_invpreprocess-inverse-upc,2114.435991404534,3337.3554417751684,1222.9194503706342,0.0,7.052631578947368,4.2631578947368425,12.68421052631579,1348.6396245247386,3347.8186012920014,137.66771589507698,69.3157471053526,86964.1952371284,57144.995937271065,0.6571094665045971,0.0,0.37669315933305225,20,-1.540292858600168
dynamics,step,18,abl_dyn_step_transformer_hs128_nl3_ff256_cluster_balanced_bs32_lr0.0003_gc1_wd0.005_do0.2_adamw_warmup_cosine_two_stage_tau0.08_cop0.4_siw1_tvw1_vw2_sf1.5_vwslate_ramp_hp50_vtp50_hls1_hus1_vls1_vus1_seed18_dynstep_invpreprocess-inverse-upc,2152.4740509712988,3402.9913861543937,1250.5173351830952,0.0,8.263157894736842,4.2631578947368425,11.473684210526315,1383.858169972552,2979.9303680970006,48.994182210184306,13.65196836808249,94543.6916770979,55831.408425550646,0.5905355231551123,0.0,0.456617639912242,20,-5.966985654278373
dynamics,step,19,abl_dyn_step_transformer_hs128_nl3_ff256_cluster_balanced_bs32_lr0.0003_gc1_wd0.005_do0.2_adamw_warmup_cosine_two_stage_tau0.08_cop0.4_siw1_tvw1_vw2_sf1.5_vwslate_ramp_hp50_vtp50_hls1_hus1_vls1_vus1_seed19_dynstep_invpreprocess-inverse-upc,2145.8951445413586,3215.3011617743923,1069.4060172330328,0.0,6.947368421052632,4.368421052631579,12.68421052631579,1369.4427208448365,1818.9662722899993,50.12662110541561,13.934190315730552,92539.70686346377,54217.78544367667,0.585886721293287,0.0,0.423797289291842,25,6.393710398347629
dynamics,step,1,abl_dyn_step_transformer_hs128_nl3_ff256_cluster_balanced_bs32_lr0.0003_gc1_wd0.005_do0.2_adamw_warmup_cosine_two_stage_tau0.08_cop0.4_siw1_tvw1_vw2_sf1.5_vwslate_ramp_hp50_vtp50_hls1_hus1_vls1_vus1_seed1_dynstep_invpreprocess-inverse-upc,2141.7795851451374,3180.393302981214,1038.613717836077,0.0,6.842105263157895,4.7368421052631575,12.421052631578947,1428.025336059397,1960.7378957549954,52.87323752609633,16.571306580245665,88877.31820945277,54910.797607019085,0.617826895694732,0.0,0.45874989352420403,25,5.4442180175178345
dynamics,step,20,abl_dyn_step_transformer_hs128_nl3_ff256_cluster_balanced_bs32_lr0.0003_gc1_wd0.005_do0.2_adamw_warmup_cosine_two_stage_tau0.08_cop0.4_siw1_tvw1_vw2_sf1.5_vwslate_ramp_hp50_vtp50_hls1_hus1_vls1_vus1_seed20_dynstep_invpreprocess-inverse-upc,2085.2419286006957,3893.7940393491,1808.5521107484046,0.0,14.052631578947368,4.7894736842105265,5.157894736842105,1455.5849948250864,1833.7794432730007,65.80899468424737,19.59378794785344,89843.87907301444,48546.32162283753,0.5403408904838675,0.0,0.4810498523183637,10,-7.99639903788958
dynamics,step,21,abl_dyn_step_transformer_hs128_nl3_ff256_cluster_balanced_bs32_lr0.0003_gc1_wd0.005_do0.2_adamw_warmup_cosine_two_stage_tau0.08_cop0.4_siw1_tvw1_vw2_sf1.5_vwslate_ramp_hp50_vtp50_hls1_hus1_vls1_vus1_seed21_dynstep_invpreprocess-inverse-upc,2145.7659222712505,3489.6861282247905,1343.92020595354,0.0,7.894736842105263,4.368421052631579,11.736842105263158,1374.8169892430658,1818.7007087109996,50.82994442081575,14.74775173693687,95778.79670836037,52071.02726425375,0.543659234128889,0.0,0.48301065027147577,25,9.026556941634043
dynamics,step,22,abl_dyn_step_transformer_hs128_nl3_ff256_cluster_balanced_bs32_lr0.0003_gc1_wd0.005_do0.2_adamw_warmup_cosine_two_stage_tau0.08_cop0.4_siw1_tvw1_vw2_sf1.5_vwslate_ramp_hp50_vtp50_hls1_hus1_vls1_vus1_seed22_dynstep_invpreprocess-inverse-upc,2086.0957764519085,3049.1500304138226,963.0542539619139,0.0,6.421052631578948,4.368421052631579,13.210526315789474,1440.6727150740423,1860.1653968190003,54.8668521047435,14.601439157942016,82109.39210932431,45239.36113532274,0.5509645117709424,0.0,0.5100534987560991,25,4.429334079661107
dynamics,step,23,abl_dyn_step_transformer_hs128_nl3_ff256_cluster_balanced_bs32_lr0.0003_gc1_wd0.005_do0.2_adamw_warmup_cosine_two_stage_tau0.08_cop0.4_siw1_tvw1_vw2_sf1.5_vwslate_ramp_hp50_vtp50_hls1_hus1_vls1_vus1_seed23_dynstep_invpreprocess-inverse-upc,2086.2256636433694,3443.2640237741375,1357.038360130768,0.0,8.0,4.421052631578948,11.578947368421053,1404.0070553917778,1896.0653462120026,56.09641505342504,15.59599431531847,104405.72344456681,60938.455637370236,0.5836696842556233,0.0,0.4450718684168863,20,-22.830005086902208
dynamics,step,24,abl_dyn_step_transformer_hs128_nl3_ff256_cluster_balanced_bs32_lr0.0003_gc1_wd0.005_do0.2_adamw_warmup_cosine_two_stage_tau0.08_cop0.4_siw1_tvw1_vw2_sf1.5_vwslate_ramp_hp50_vtp50_hls1_hus1_vls1_vus1_seed24_dynstep_invpreprocess-inverse-upc,2133.194420236259,3355.933005589792,1197.5492428971684,25.189342456365885,7.315789473684211,4.7368421052631575,11.947368421052632,1358.5810870033274,1980.5624135139951,67.3036459997284,19.029135895451827,76616.86849996645,43936.2115247171,0.5734535016232926,0.0,0.45038462266950213,25,20.12754688245468
dynamics,step,25,abl_dyn_step_transformer_hs128_nl3_ff256_cluster_balanced_bs32_lr0.0003_gc1_wd0.005_do0.2_adamw_warmup_cosine_two_stage_tau0.08_cop0.4_siw1_tvw1_vw2_sf1.5_vwslate_ramp_hp50_vtp50_hls1_hus1_vls1_vus1_seed25_dynstep_invpreprocess-inverse-upc,2137.954506621726,3100.9410801974846,951.9454607171365,11.041112858621696,6.2105263157894735,4.473684210526316,13.31578947368421,1441.7382041273556,1924.5477865369976,63.54427147322751,17.047532051372784,85139.62360365603,53041.33733457101,0.6229923869700233,0.0,0.39402815269003855,25,0.22252526021952856
dynamics,step,26,abl_dyn_step_transformer_hs128_nl3_ff256_cluster_balanced_bs32_lr0.0003_gc1_wd0.005_do0.2_adamw_warmup_cosine_two_stage_tau0.08_cop0.4_siw1_tvw1_vw2_sf1.5_vwslate_ramp_hp50_vtp50_hls1_hus1_vls1_vus1_seed26_dynstep_invpreprocess-inverse-upc,2136.8314887692604,3475.7889789845067,1338.957490215246,0.0,7.157894736842105,4.2631578947368425,12.578947368421053,1426.1307758593398,1864.2618357079991,59.86194978935313,16.83724500081122,90334.21209418641,48364.08247574588,0.535390538695565,0.0,0.45217996995701565,25,11.197302045294531
dynamics,step,27,abl_dyn_step_transformer_hs128_nl3_ff256_cluster_balanced_bs32_lr0.0003_gc1_wd0.005_do0.2_adamw_warmup_cosine_two_stage_tau0.08_cop0.4_siw1_tvw1_vw2_sf1.5_vwslate_ramp_hp50_vtp50_hls1_hus1_vls1_vus1_seed27_dynstep_invpreprocess-inverse-upc,2166.778420610421,3387.5411493078254,1220.7627286974048,0.0,6.7894736842105265,4.2105263157894735,13.0,1429.7748002701221,1864.0422920540004,62.03188578939788,15.95604821034756,90201.42620183097,55603.24129052271,0.6164341699665281,0.0,0.4143963461461739,20,-9.14813326127368
dynamics,step,28,abl_dyn_step_transformer_hs128_nl3_ff256_cluster_balanced_bs32_lr0.0003_gc1_wd0.005_do0.2_adamw_warmup_cosine_two_stage_tau0.08_cop0.4_siw1_tvw1_vw2_sf1.5_vwslate_ramp_hp50_vtp50_hls1_hus1_vls1_vus1_seed28_dynstep_invpreprocess-inverse-upc,2152.563076557429,3396.7464665423395,1244.1833899849098,0.0,7.315789473684211,4.526315789473684,12.157894736842104,1349.401381082321,1886.015995637994,50.043175578665746,14.422805632133723,91692.42702743968,57479.95687484037,0.6268779084409996,0.0,0.38672704640331373,25,32.10200979404805
dynamics,step,29,abl_dyn_step_transformer_hs128_nl3_ff256_cluster_balanced_bs32_lr0.0003_gc1_wd0.005_do0.2_adamw_warmup_cosine_two_stage_tau0.08_cop0.4_siw1_tvw1_vw2_sf1.5_vwslate_ramp_hp50_vtp50_hls1_hus1_vls1_vus1_seed29_dynstep_invpreprocess-inverse-upc,2047.7079715540856,3246.2196922078406,1198.511720653755,0.0,5.7894736842105265,3.8421052631578947,14.368421052631579,1385.723431597382,1868.9356024209992,51.870642473850715,13.01332173630056,81560.1174955891,51346.251676080654,0.6295509772758424,0.0,0.3755807746633619,20,-10.127900522838022
dynamics,step,2,abl_dyn_step_transformer_hs128_nl3_ff256_cluster_balanced_bs32_lr0.0003_gc1_wd0.005_do0.2_adamw_warmup_cosine_two_stage_tau0.08_cop0.4_siw1_tvw1_vw2_sf1.5_vwslate_ramp_hp50_vtp50_hls1_hus1_vls1_vus1_seed2_dynstep_invpreprocess-inverse-upc,2182.125922347247,3403.1110945336322,1220.9851721863847,0.0,7.894736842105263,4.315789473684211,11.789473684210526,1375.5946407768743,2020.4856624340027,61.21349663130547,16.763430000681087,94916.22678646198,55781.16339916708,0.5876883783492668,0.0,0.4162594556638462,25,47.98331654268649
dynamics,step,30,abl_dyn_step_transformer_hs128_nl3_ff256_cluster_balanced_bs32_lr0.0003_gc1_wd0.005_do0.2_adamw_warmup_cosine_two_stage_tau0.08_cop0.4_siw1_tvw1_vw2_sf1.5_vwslate_ramp_hp50_vtp50_hls1_hus1_vls1_vus1_seed30_dynstep_invpreprocess-inverse-upc,2214.865969702087,3297.6729065058857,1082.8069368037984,0.0,7.368421052631579,4.894736842105263,11.736842105263158,1442.3178876015202,1858.4992671299988,58.71597026347636,15.57614484198367,82670.55877832772,47473.29043365562,0.5742466379228206,0.0,0.4228777502539842,25,45.36065947736474
dynamics,step,31,abl_dyn_step_transformer_hs128_nl3_ff256_cluster_balanced_bs32_lr0.0003_gc1_wd0.005_do0.2_adamw_warmup_cosine_two_stage_tau0.08_cop0.4_siw1_tvw1_vw2_sf1.5_vwslate_ramp_hp50_vtp50_hls1_hus1_vls1_vus1_seed31_dynstep_invpreprocess-inverse-upc,2145.908515847031,3284.0271836978086,1138.1186678507775,0.0,6.7368421052631575,4.368421052631579,12.894736842105264,1378.7635021207102,1849.452916354996,54.002231263056224,14.744944683977673,86163.26074642291,56132.017876738355,0.6514611609457769,0.0,0.5273550685252673,25,27.49958273616622
dynamics,step,32,abl_dyn_step_transformer_hs128_nl3_ff256_cluster_balanced_bs32_lr0.0003_gc1_wd0.005_do0.2_adamw_warmup_cosine_two_stage_tau0.08_cop0.4_siw1_tvw1_vw2_sf1.5_vwslate_ramp_hp50_vtp50_hls1_hus1_vls1_vus1_seed32_dynstep_invpreprocess-inverse-upc,2229.046699516669,3700.378186755199,1471.3314872385304,0.0,10.263157894736842,4.7894736842105265,8.947368421052632,1335.7204845806177,1859.5303096580028,54.46029763046872,16.690712420983658,95927.86649544323,56719.22025703539,0.5912694853870191,0.0,0.4278952145832811,20,-0.528693743604748
dynamics,step,33,abl_dyn_step_transformer_hs128_nl3_ff256_cluster_balanced_bs32_lr0.0003_gc1_wd0.005_do0.2_adamw_warmup_cosine_two_stage_tau0.08_cop0.4_siw1_tvw1_vw2_sf1.5_vwslate_ramp_hp50_vtp50_hls1_hus1_vls1_vus1_seed33_dynstep_invpreprocess-inverse-upc,2230.339815616842,3532.3575198060685,1302.0177041892266,0.0,8.052631578947368,4.7368421052631575,11.210526315789474,1411.842780283089,1865.6938398309867,54.27443521023777,15.15237868788015,89452.40800284389,51327.29576980556,0.5737944557979228,0.0,0.4442609931184588,25,110.41348711586022
dynamics,step,34,abl_dyn_step_transformer_hs128_nl3_ff256_cluster_balanced_bs32_lr0.0003_gc1_wd0.005_do0.2_adamw_warmup_cosine_two_stage_tau0.08_cop0.4_siw1_tvw1_vw2_sf1.5_vwslate_ramp_hp50_vtp50_hls1_hus1_vls1_vus1_seed34_dynstep_invpreprocess-inverse-upc,2118.2017221026995,3294.3346825751964,1176.1329604724979,0.0,7.052631578947368,4.473684210526316,12.473684210526315,1346.3637539327842,1801.2270957860019,55.94812305245892,15.390899580731793,84890.64249461409,50929.391516723765,0.5999411716074006,0.0,0.5021265960893534,25,11.172042841701115
dynamics,step,35,abl_dyn_step_transformer_hs128_nl3_ff256_cluster_balanced_bs32_lr0.0003_gc1_wd0.005_do0.2_adamw_warmup_cosine_two_stage_tau0.08_cop0.4_siw1_tvw1_vw2_sf1.5_vwslate_ramp_hp50_vtp50_hls1_hus1_vls1_vus1_seed35_dynstep_invpreprocess-inverse-upc,1949.0613917040712,2352.9175342527355,403.85614254866454,0.0,5.105263157894737,4.157894736842105,14.736842105263158,1498.3150547759367,1827.2081712530053,50.18793015915435,12.937552526158182,90006.37302182427,54506.66302039838,0.605586706701112,0.0,0.4152458396334664,25,5.548415074878411
dynamics,step,36,abl_dyn_step_transformer_hs128_nl3_ff256_cluster_balanced_bs32_lr0.0003_gc1_wd0.005_do0.2_adamw_warmup_cosine_two_stage_tau0.08_cop0.4_siw1_tvw1_vw2_sf1.5_vwslate_ramp_hp50_vtp50_hls1_hus1_vls1_vus1_seed36_dynstep_invpreprocess-inverse-upc,2159.237590972152,3807.2213927129724,1647.9838017408201,0.0,9.947368421052632,4.473684210526316,9.578947368421053,1425.5961373646303,1841.2440179710102,55.52598257935116,16.705457736909587,94810.4773779687,61481.71447445333,0.648469622501236,0.0,0.38667096423991054,20,-14.924962075810452
dynamics,step,37,abl_dyn_step_transformer_hs128_nl3_ff256_cluster_balanced_bs32_lr0.0003_gc1_wd0.005_do0.2_adamw_warmup_cosine_two_stage_tau0.08_cop0.4_siw1_tvw1_vw2_sf1.5_vwslate_ramp_hp50_vtp50_hls1_hus1_vls1_vus1_seed37_dynstep_invpreprocess-inverse-upc,2171.248625593505,3479.178700816646,1307.9300752231402,0.0,7.473684210526316,4.526315789473684,12.0,1393.1757463570239,1845.9439440190035,57.08882610365675,15.223796735977215,91717.55550469639,56482.54366355084,0.6158313242513169,0.0,0.42181391219593617,25,2.1218822891236884
dynamics,step,38,abl_dyn_step_transformer_hs128_nl3_ff256_cluster_balanced_bs32_lr0.0003_gc1_wd0.005_do0.2_adamw_warmup_cosine_two_stage_tau0.08_cop0.4_siw1_tvw1_vw2_sf1.5_vwslate_ramp_hp50_vtp50_hls1_hus1_vls1_vus1_seed38_dynstep_invpreprocess-inverse-upc,2099.53777495037,2858.7971128387467,746.5248626434029,12.734475244973837,5.473684210526316,4.2631578947368425,14.263157894736842,1365.9425303785401,1875.884958944007,52.08818536974784,13.066855420842522,95085.22865589276,55762.91108929538,0.5864518798298074,0.0,0.43116466161649053,25,2.929929149734749
dynamics,step,39,abl_dyn_step_transformer_hs128_nl3_ff256_cluster_balanced_bs32_lr0.0003_gc1_wd0.005_do0.2_adamw_warmup_cosine_two_stage_tau0.08_cop0.4_siw1_tvw1_vw2_sf1.5_vwslate_ramp_hp50_vtp50_hls1_hus1_vls1_vus1_seed39_dynstep_invpreprocess-inverse-upc,2182.6958963630445,3475.743493369316,1293.0475970062714,0.0,7.631578947368421,4.368421052631579,12.0,1399.2263305327251,1849.4500004029978,52.49364663139108,14.706189264727168,80386.99139291978,46487.3412776652,0.5782943293703071,0.0,0.4405640184749893,25,34.036506637280034
dynamics,step,3,abl_dyn_step_transformer_hs128_nl3_ff256_cluster_balanced_bs32_lr0.0003_gc1_wd0.005_do0.2_adamw_warmup_cosine_two_stage_tau0.08_cop0.4_siw1_tvw1_vw2_sf1.5_vwslate_ramp_hp50_vtp50_hls1_hus1_vls1_vus1_seed3_dynstep_invpreprocess-inverse-upc,2137.2589175737303,3704.3902673264492,1567.1313497527187,0.0,9.263157894736842,4.2105263157894735,10.526315789473685,1399.7223983120455,2018.5465354560001,63.483908527000736,17.479606473659118,87577.65859690121,58556.503593918256,0.6686237624077127,0.0,0.39483033996516337,20,-3.5631879919895284
dynamics,step,40,abl_dyn_step_transformer_hs128_nl3_ff256_cluster_balanced_bs32_lr0.0003_gc1_wd0.005_do0.2_adamw_warmup_cosine_two_stage_tau0.08_cop0.4_siw1_tvw1_vw2_sf1.5_vwslate_ramp_hp50_vtp50_hls1_hus1_vls1_vus1_seed40_dynstep_invpreprocess-inverse-upc,2141.849116062606,3291.0047178603263,1149.1556017977207,0.0,6.7368421052631575,4.578947368421052,12.68421052631579,1365.8934285270393,1836.751769272989,57.8836181590113,15.287217946024612,101508.8778543783,65767.1839626688,0.6478958821416241,0.0,0.3960491638374542,25,21.334460649113947
dynamics,step,41,abl_dyn_step_transformer_hs128_nl3_ff256_cluster_balanced_bs32_lr0.0003_gc1_wd0.005_do0.2_adamw_warmup_cosine_two_stage_tau0.08_cop0.4_siw1_tvw1_vw2_sf1.5_vwslate_ramp_hp50_vtp50_hls1_hus1_vls1_vus1_seed41_dynstep_invpreprocess-inverse-upc,2106.258129786451,3730.8637098004156,1624.605580013965,0.0,8.894736842105264,4.157894736842105,10.947368421052632,1352.5688909374937,1819.3529224130034,60.70623426287631,16.24511400050802,102741.86010684857,62750.80582183343,0.6107618234337436,0.0,0.4127148780873191,20,-13.254782472403816
dynamics,step,42,abl_dyn_step_transformer_hs128_nl3_ff256_cluster_balanced_bs32_lr0.0003_gc1_wd0.005_do0.2_adamw_warmup_cosine_two_stage_tau0.08_cop0.4_siw1_tvw1_vw2_sf1.5_vwslate_ramp_hp50_vtp50_hls1_hus1_vls1_vus1_seed42_dynstep_invpreprocess-inverse-upc,2190.9564569786444,3443.377478085999,1252.4210211073544,0.0,7.315789473684211,4.368421052631579,12.31578947368421,1428.1957079313643,1938.1583555990073,54.52173747624712,15.65939652822348,78193.77750875942,42345.96847099939,0.5415516402984331,0.0,0.4660501938666911,25,19.846695123689745
dynamics,step,43,abl_dyn_step_transformer_hs128_nl3_ff256_cluster_balanced_bs32_lr0.0003_gc1_wd0.005_do0.2_adamw_warmup_cosine_two_stage_tau0.08_cop0.4_siw1_tvw1_vw2_sf1.5_vwslate_ramp_hp50_vtp50_hls1_hus1_vls1_vus1_seed43_dynstep_invpreprocess-inverse-upc,2127.4729591781447,3599.6132632518743,1441.668897902533,30.471406171196385,8.68421052631579,4.368421052631579,10.947368421052632,1401.7260795056602,1967.5456111599924,55.557544157828055,15.191718420522337,88273.89201817523,53109.48548607488,0.601644317157103,0.0,0.4158810246530744,20,-6.1869810742255265
dynamics,step,44,abl_dyn_step_transformer_hs128_nl3_ff256_cluster_balanced_bs32_lr0.0003_gc1_wd0.005_do0.2_adamw_warmup_cosine_two_stage_tau0.08_cop0.4_siw1_tvw1_vw2_sf1.5_vwslate_ramp_hp50_vtp50_hls1_hus1_vls1_vus1_seed44_dynstep_invpreprocess-inverse-upc,2143.912105952946,3301.1206636891266,1148.4393097575678,8.769247978611997,7.105263157894737,4.368421052631579,12.526315789473685,1367.742846015486,1952.7327975310036,68.24209068374904,17.02764989520227,89546.96385932899,58652.32762264755,0.6549895730109353,0.0,0.392832482756053,25,9.85707254988813
dynamics,step,45,abl_dyn_step_transformer_hs128_nl3_ff256_cluster_balanced_bs32_lr0.0003_gc1_wd0.005_do0.2_adamw_warmup_cosine_two_stage_tau0.08_cop0.4_siw1_tvw1_vw2_sf1.5_vwslate_ramp_hp50_vtp50_hls1_hus1_vls1_vus1_seed45_dynstep_invpreprocess-inverse-upc,2178.189026159349,3390.590371877881,1201.92602189641,10.47532382212187,7.7368421052631575,4.578947368421052,11.68421052631579,1381.338176201717,1937.975514010992,55.866155208174234,14.969218739057204,92985.99083758173,56052.722522081174,0.602808251191174,0.0,0.4339850016715539,25,2.3436910763487977
dynamics,step,46,abl_dyn_step_transformer_hs128_nl3_ff256_cluster_balanced_bs32_lr0.0003_gc1_wd0.005_do0.2_adamw_warmup_cosine_two_stage_tau0.08_cop0.4_siw1_tvw1_vw2_sf1.5_vwslate_ramp_hp50_vtp50_hls1_hus1_vls1_vus1_seed46_dynstep_invpreprocess-inverse-upc,2232.451063454921,3497.0625508099774,1264.611487355056,0.0,7.7368421052631575,4.578947368421052,11.68421052631579,1414.6565075058447,1946.8841502610012,54.72911279005194,14.825254527845813,86344.03966246973,50893.11082781048,0.5894223970381555,0.0,0.4246476631258171,25,21.185672904365227
dynamics,step,4,abl_dyn_step_transformer_hs128_nl3_ff256_cluster_balanced_bs32_lr0.0003_gc1_wd0.005_do0.2_adamw_warmup_cosine_two_stage_tau0.08_cop0.4_siw1_tvw1_vw2_sf1.5_vwslate_ramp_hp50_vtp50_hls1_hus1_vls1_vus1_seed4_dynstep_invpreprocess-inverse-upc,2083.8218265155247,3888.709889053487,1766.4506129750364,38.43744956292604,10.578947368421053,4.421052631578948,9.0,1424.8090124004752,1999.5448071960054,57.23490689400167,17.98043621085143,92328.21525141218,53821.94849975161,0.5829415022611779,0.0,0.4658317923284242,20,-2.691849497782231
dynamics,step,5,abl_dyn_step_transformer_hs128_nl3_ff256_cluster_balanced_bs32_lr0.0003_gc1_wd0.005_do0.2_adamw_warmup_cosine_two_stage_tau0.08_cop0.4_siw1_tvw1_vw2_sf1.5_vwslate_ramp_hp50_vtp50_hls1_hus1_vls1_vus1_seed5_dynstep_invpreprocess-inverse-upc,2084.8308825518066,3146.851670582395,1039.7910658223652,22.229722208223844,7.052631578947368,4.894736842105263,12.052631578947368,1350.2275384566033,2057.060841102997,70.9313328437642,18.751499845070374,90466.90872739162,51279.30734586991,0.5668294414744772,0.0,0.5004909177120052,20,-11.988247677769497
dynamics,step,6,abl_dyn_step_transformer_hs128_nl3_ff256_cluster_balanced_bs32_lr0.0003_gc1_wd0.005_do0.2_adamw_warmup_cosine_two_stage_tau0.08_cop0.4_siw1_tvw1_vw2_sf1.5_vwslate_ramp_hp50_vtp50_hls1_hus1_vls1_vus1_seed6_dynstep_invpreprocess-inverse-upc,2118.59516722517,3430.1493473992496,1311.5541801740794,0.0,7.157894736842105,4.2105263157894735,12.631578947368421,1345.6201190553397,2062.0018248800043,57.8878833674887,16.78460247287723,82765.08843065548,44370.038984317,0.5360960741495773,0.0,0.4811572596364294,25,9.676152851754848
dynamics,step,7,abl_dyn_step_transformer_hs128_nl3_ff256_cluster_balanced_bs32_lr0.0003_gc1_wd0.005_do0.2_adamw_warmup_cosine_two_stage_tau0.08_cop0.4_siw1_tvw1_vw2_sf1.5_vwslate_ramp_hp50_vtp50_hls1_hus1_vls1_vus1_seed7_dynstep_invpreprocess-inverse-upc,2148.9746295392965,3287.862315377317,1136.9074854534792,1.9802003845415619,7.157894736842105,4.631578947368421,12.210526315789474,1408.169721785769,1846.9051913279982,53.32633110581236,15.475826999662738,89097.53613648629,62174.224798009054,0.6978220441782578,0.0,0.36438066694613774,25,5.333567992643526
dynamics,step,8,abl_dyn_step_transformer_hs128_nl3_ff256_cluster_balanced_bs32_lr0.0003_gc1_wd0.005_do0.2_adamw_warmup_cosine_two_stage_tau0.08_cop0.4_siw1_tvw1_vw2_sf1.5_vwslate_ramp_hp50_vtp50_hls1_hus1_vls1_vus1_seed8_dynstep_invpreprocess-inverse-upc,2133.444281313888,3117.6945143767966,984.2502330629085,0.0,6.526315789473684,4.2631578947368425,13.210526315789474,1381.2433949382355,1864.3169129460002,51.66068989216767,13.974923579218355,98114.3885956415,55995.791375166766,0.5707194650719583,0.0,0.4198105588733863,25,0.2326441301621688
dynamics,step,9,abl_dyn_step_transformer_hs128_nl3_ff256_cluster_balanced_bs32_lr0.0003_gc1_wd0.005_do0.2_adamw_warmup_cosine_two_stage_tau0.08_cop0.4_siw1_tvw1_vw2_sf1.5_vwslate_ramp_hp50_vtp50_hls1_hus1_vls1_vus1_seed9_dynstep_invpreprocess-inverse-upc,2178.50101271001,3455.7643054812397,1277.26329277123,0.0,7.842105263157895,4.526315789473684,11.631578947368421,1404.8576652438267,1887.1868301229988,52.10090994660277,15.015008788874471,98815.838875475,50846.405998860835,0.5145572468694626,0.0,0.5313611416977964,25,21.162484010466954
temperature,annealed,0,abl_tau_annealed_transformer_hs128_nl3_ff256_cluster_balanced_bs32_lr0.0003_gc1_wd0.005_do0.2_adamw_warmup_cosine_two_stage_tau0.08_cop0.4_siw1_tvw1_vw2_sf1.5_vwslate_ramp_hp50_vtp50_hls1_hus1_vls1_vus1_seed0,2554.180025541446,3510.134310605481,997.29123724634,-41.33695218230549,16.0,8.0,0.0,1362.878934822136,147.11284902600164,4.266303947492577,17.935063895205722,201298.85215287766,129648.24483974109,0.644058540091818,0.0,0.8107747526470261,10,46.53535045599252
temperature,annealed,1,abl_tau_annealed_transformer_hs128_nl3_ff256_cluster_balanced_bs32_lr0.0003_gc1_wd0.005_do0.2_adamw_warmup_cosine_two_stage_tau0.08_cop0.4_siw1_tvw1_vw2_sf1.5_vwslate_ramp_hp50_vtp50_hls1_hus1_vls1_vus1_seed1,2644.7781501467334,2960.7929083350846,341.71215670993723,-25.697398521586468,13.210526315789474,10.578947368421053,0.21052631578947367,1303.7326932293604,146.88362709400099,3.914521421201674,17.77900226405013,245198.06441588775,130020.47863363754,0.5302671493079404,0.0,1.1279086090417916,25,1.9377876264656788
temperature,annealed,10,abl_tau_annealed_transformer_hs128_nl3_ff256_cluster_balanced_bs32_lr0.0003_gc1_wd0.005_do0.2_adamw_warmup_cosine_two_stage_tau0.08_cop0.4_siw1_tvw1_vw2_sf1.5_vwslate_ramp_hp50_vtp50_hls1_hus1_vls1_vus1_seed10,2590.4987332075316,3280.4495451881216,717.3883258547953,-27.437513874204534,14.263157894736842,9.526315789473685,0.21052631578947367,1346.0746844892465,239.75110416499956,4.907057210450723,58.731980841960315,281440.07652327174,127890.43726967064,0.4544144488928023,0.0,0.82788107639172,20,-7.403995747215792
temperature,annealed,11,abl_tau_annealed_transformer_hs128_nl3_ff256_cluster_balanced_bs32_lr0.0003_gc1_wd0.005_do0.2_adamw_warmup_cosine_two_stage_tau0.08_cop0.4_siw1_tvw1_vw2_sf1.5_vwslate_ramp_hp50_vtp50_hls1_hus1_vls1_vus1_seed11,2487.8173634558975,3407.7288943411227,951.4538075994494,-31.54227671422456,14.578947368421053,9.31578947368421,0.10526315789473684,1479.1831278111656,234.23235183699944,7.961798210616459,42.53695557886922,326286.44780627073,168271.96254703205,0.5157185156735097,0.0,0.9217240297419358,20,-8.75062137085701
temperature,annealed,12,abl_tau_annealed_transformer_hs128_nl3_ff256_cluster_balanced_bs32_lr0.0003_gc1_wd0.005_do0.2_adamw_warmup_cosine_two_stage_tau0.08_cop0.4_siw1_tvw1_vw2_sf1.5_vwslate_ramp_hp50_vtp50_hls1_hus1_vls1_vus1_seed12,2474.214614485491,3047.527723878198,604.5593774323975,-31.24626803969082,13.526315789473685,9.68421052631579,0.7894736842105263,1370.8644251446945,241.67143168200073,6.375367315836468,38.05528547371451,199609.31444121536,95245.24064996988,0.4771582975303463,0.0,0.7008295154493065,25,27.80441176945886
temperature,annealed,13,abl_tau_annealed_transformer_hs128_nl3_ff256_cluster_balanced_bs32_lr0.0003_gc1_wd0.005_do0.2_adamw_warmup_cosine_two_stage_tau0.08_cop0.4_siw1_tvw1_vw2_sf1.5_vwslate_ramp_hp50_vtp50_hls1_hus1_vls1_vus1_seed13,2592.5432767392936,3311.871502176906,757.5581692448,-38.22994380718783,14.210526315789474,9.105263157894736,0.6842105263157895,1395.1177974811826,241.97619582199968,8.768588157851665,66.47153536845221,231456.7154949317,160189.02461661573,0.6920906324712944,0.0,1.0112449063530784,25,2.6314162379740726
temperature,annealed,14,abl_tau_annealed_transformer_hs128_nl3_ff256_cluster_balanced_bs32_lr0.0003_gc1_wd0.005_do0.2_adamw_warmup_cosine_two_stage_tau0.08_cop0.4_siw1_tvw1_vw2_sf1.5_vwslate_ramp_hp50_vtp50_hls1_hus1_vls1_vus1_seed14,2471.4980924423153,3290.3550271883983,835.555189418874,-16.698254672790835,15.052631578947368,8.947368421052632,0.0,1337.2143474283332,244.8669589909996,4.960368736934278,40.71931000017732,339313.45777501893,194915.05257076595,0.5744394986537904,0.0,2.355841352857168,10,10.087343158286624
temperature,annealed,15,abl_tau_annealed_transformer_hs128_nl3_ff256_cluster_balanced_bs32_lr0.0003_gc1_wd0.005_do0.2_adamw_warmup_cosine_two_stage_tau0.08_cop0.4_siw1_tvw1_vw2_sf1.5_vwslate_ramp_hp50_vtp50_hls1_hus1_vls1_vus1_seed15,2399.5832582836706,3002.624695228949,625.257173980584,-22.215737035305875,13.31578947368421,10.68421052631579,0.0,1314.7711278204724,242.51606351899954,5.136222894754227,65.38980463153023,255586.79058524722,95608.24588423908,0.3740735022546103,0.0,1.7300140104844224,25,2.67049620126913
temperature,annealed,16,abl_tau_annealed_transformer_hs128_nl3_ff256_cluster_balanced_bs32_lr0.0003_gc1_wd0.005_do0.2_adamw_warmup_cosine_two_stage_tau0.08_cop0.4_siw1_tvw1_vw2_sf1.5_vwslate_ramp_hp50_vtp50_hls1_hus1_vls1_vus1_seed16,2377.0065195168,2991.0981722101897,631.5395306697199,-17.447877976329707,13.368421052631579,10.578947368421053,0.05263157894736842,1318.241094451512,295.2229468509995,6.102602210471798,65.58955147384519,380557.5724430949,191208.79009092657,0.5024437928364129,0.0,2.0178422441048833,25,25.122413453122707
temperature,annealed,17,abl_tau_annealed_transformer_hs128_nl3_ff256_cluster_balanced_bs32_lr0.0003_gc1_wd0.005_do0.2_adamw_warmup_cosine_two_stage_tau0.08_cop0.4_siw1_tvw1_vw2_sf1.5_vwslate_ramp_hp50_vtp50_hls1_hus1_vls1_vus1_seed17,2535.2264648634014,2983.615747100304,459.3749256713013,-10.985643434399051,13.105263157894736,10.894736842105264,0.0,1314.0606399492103,296.58147998999993,6.470293842204755,76.34504868416882,335988.27040094836,141619.42157757308,0.42150108814385967,0.0,1.6008704418729764,25,6.02355917770692
temperature,annealed,18,abl_tau_annealed_transformer_hs128_nl3_ff256_cluster_balanced_bs32_lr0.0003_gc1_wd0.005_do0.2_adamw_warmup_cosine_two_stage_tau0.08_cop0.4_siw1_tvw1_vw2_sf1.5_vwslate_ramp_hp50_vtp50_hls1_hus1_vls1_vus1_seed18,2466.803242768026,3327.8666086306794,883.9922463394796,-22.92888047682612,13.947368421052632,10.0,0.05263157894736842,1343.5420767148935,283.0047966050006,5.690383789394553,63.86337636898756,330696.54979496286,173821.06084029234,0.5256210291521461,0.0,1.4939227193359728,25,24.486911809404763
temperature,annealed,19,abl_tau_annealed_transformer_hs128_nl3_ff256_cluster_balanced_bs32_lr0.0003_gc1_wd0.005_do0.2_adamw_warmup_cosine_two_stage_tau0.08_cop0.4_siw1_tvw1_vw2_sf1.5_vwslate_ramp_hp50_vtp50_hls1_hus1_vls1_vus1_seed19,2501.6493587245836,3537.31218165084,1059.14015252373,-23.477329597473148,15.0,9.0,0.0,1363.6182564546245,143.1890163379976,5.471241737005154,21.635025631870743,350828.6025743088,170366.14493874094,0.48561076174698664,0.0,2.359319195950535,10,10.766591446426737
temperature,annealed,2,abl_tau_annealed_transformer_hs128_nl3_ff256_cluster_balanced_bs32_lr0.0003_gc1_wd0.005_do0.2_adamw_warmup_cosine_two_stage_tau0.08_cop0.4_siw1_tvw1_vw2_sf1.5_vwslate_ramp_hp50_vtp50_hls1_hus1_vls1_vus1_seed2,2516.526213996338,3214.24018098561,711.8507942515351,-14.13682726226355,13.736842105263158,10.263157894736842,0.0,1331.254609786384,144.4141564649981,4.719426737497805,21.47387810576842,264321.6130590762,112637.37837239404,0.42613760210073875,0.0,1.1204288838665246,20,-7.925161395547632
temperature,annealed,20,abl_tau_annealed_transformer_hs128_nl3_ff256_cluster_balanced_bs32_lr0.0003_gc1_wd0.005_do0.2_adamw_warmup_cosine_two_stage_tau0.08_cop0.4_siw1_tvw1_vw2_sf1.5_vwslate_ramp_hp50_vtp50_hls1_hus1_vls1_vus1_seed20,2473.3906727096937,3374.656297037634,901.1158062010355,0.14981812690433682,13.789473684210526,9.631578947368421,0.5789473684210527,1421.0235089067157,143.36325354200017,4.843569736725553,18.833481842241447,425501.91595024423,317226.8080364745,0.7455355572912842,0.0,1.8100696012871977,10,7.1301960382697915
temperature,annealed,21,abl_tau_annealed_transformer_hs128_nl3_ff256_cluster_balanced_bs32_lr0.0003_gc1_wd0.005_do0.2_adamw_warmup_cosine_two_stage_tau0.08_cop0.4_siw1_tvw1_vw2_sf1.5_vwslate_ramp_hp50_vtp50_hls1_hus1_vls1_vus1_seed21,2443.2741716171618,3175.8969954488502,762.1211653266749,-29.498341494986885,13.368421052631579,10.473684210526315,0.15789473684210525,1357.1112294334398,144.7167078320017,4.109203684110023,17.905797052471346,575896.0995039518,582831.7768961545,1.0120432789841374,0.0,2.7042099589376725,25,13.524861743495975
temperature,annealed,22,abl_tau_annealed_transformer_hs128_nl3_ff256_cluster_balanced_bs32_lr0.0003_gc1_wd0.005_do0.2_adamw_warmup_cosine_two_stage_tau0.08_cop0.4_siw1_tvw1_vw2_sf1.5_vwslate_ramp_hp50_vtp50_hls1_hus1_vls1_vus1_seed22,2467.893452476774,3409.4241012430866,960.8609235080246,-19.330274741712373,14.947368421052632,9.052631578947368,0.0,1415.4923715911143,138.98289326999657,5.340479317007856,23.39357231616496,268324.27007219894,210404.9440908238,0.7841442894234256,0.0,0.9057463852971581,10,-0.12450080293910243
temperature,annealed,23,abl_tau_annealed_transformer_hs128_nl3_ff256_cluster_balanced_bs32_lr0.0003_gc1_wd0.005_do0.2_adamw_warmup_cosine_two_stage_tau0.08_cop0.4_siw1_tvw1_vw2_sf1.5_vwslate_ramp_hp50_vtp50_hls1_hus1_vls1_vus1_seed23,2545.025623374731,3223.2526476735466,703.968456545162,-25.74143224634622,13.894736842105264,9.473684210526315,0.631578947368421,1272.604263037337,146.66296642799716,4.4273696330492385,18.122249527215516,318384.66367948585,163212.10680777175,0.5126255295138069,0.0,1.053990887353873,25,3.885995931675046
temperature,annealed,24,abl_tau_annealed_transformer_hs128_nl3_ff256_cluster_balanced_bs32_lr0.0003_gc1_wd0.005_do0.2_adamw_warmup_cosine_two_stage_tau0.08_cop0.4_siw1_tvw1_vw2_sf1.5_vwslate_ramp_hp50_vtp50_hls1_hus1_vls1_vus1_seed24,2372.837467738875,3092.080825189792,721.1831096555231,-1.9397522046064075,13.578947368421053,10.421052631578947,0.0,1342.8761330502389,155.01661626200075,4.679858894776675,21.293455842073616,238823.96114247185,113350.42865309051,0.47461916346605876,0.0,0.8134030478611314,10,8.962699252109616
temperature,annealed,25,abl_tau_annealed_transformer_hs128_nl3_ff256_cluster_balanced_bs32_lr0.0003_gc1_wd0.005_do0.2_adamw_warmup_cosine_two_stage_tau0.08_cop0.4_siw1_tvw1_vw2_sf1.5_vwslate_ramp_hp50_vtp50_hls1_hus1_vls1_vus1_seed25,2620.3525725929244,3187.382111083144,594.7191346628541,-27.689596172633927,14.789473684210526,9.157894736842104,0.05263157894736842,1323.8863912261804,152.69983313100238,5.214487000270502,23.473907893946347,277466.2192811053,140082.4348592171,0.5048630252077547,0.0,0.9336752216303333,10,-16.178822395352213
temperature,annealed,26,abl_tau_annealed_transformer_hs128_nl3_ff256_cluster_balanced_bs32_lr0.0003_gc1_wd0.005_do0.2_adamw_warmup_cosine_two_stage_tau0.08_cop0.4_siw1_tvw1_vw2_sf1.5_vwslate_ramp_hp50_vtp50_hls1_hus1_vls1_vus1_seed26,2470.719933509195,3079.0122661142464,621.7747624675758,-13.482429862524333,13.578947368421053,10.421052631578947,0.0,1251.1297455145825,161.78919089600095,4.851781999796482,21.13297947308686,298082.4100116552,120437.66611659598,0.40404150688357227,0.0,1.7089247094748727,25,5.361313944346125
temperature,annealed,27,abl_tau_annealed_transformer_hs128_nl3_ff256_cluster_balanced_bs32_lr0.0003_gc1_wd0.005_do0.2_adamw_warmup_cosine_two_stage_tau0.08_cop0.4_siw1_tvw1_vw2_sf1.5_vwslate_ramp_hp50_vtp50_hls1_hus1_vls1_vus1_seed27,2566.083657505622,3445.568534641256,891.8596999258809,-12.37482279024626,14.157894736842104,9.789473684210526,0.05263157894736842,1285.741011542371,146.17176286700123,5.452272158627717,23.29210215669407,312243.61311719025,127540.28216320362,0.40846402233801854,0.0,1.3749480990718541,10,54.00375079997464
temperature,annealed,28,abl_tau_annealed_transformer_hs128_nl3_ff256_cluster_balanced_bs32_lr0.0003_gc1_wd0.005_do0.2_adamw_warmup_cosine_two_stage_tau0.08_cop0.4_siw1_tvw1_vw2_sf1.5_vwslate_ramp_hp50_vtp50_hls1_hus1_vls1_vus1_seed28,2500.965071648055,3432.8679543089274,969.7511207226327,-37.848238061760604,14.736842105263158,9.157894736842104,0.10526315789473684,1440.1494431801968,145.72390204900148,4.393833105783223,19.229732737202493,350752.78542073304,207023.42425171158,0.5902260305741663,0.0,1.6830697840458635,10,6.933187353948253
temperature,annealed,29,abl_tau_annealed_transformer_hs128_nl3_ff256_cluster_balanced_bs32_lr0.0003_gc1_wd0.005_do0.2_adamw_warmup_cosine_two_stage_tau0.08_cop0.4_siw1_tvw1_vw2_sf1.5_vwslate_ramp_hp50_vtp50_hls1_hus1_vls1_vus1_seed29,2424.725250683583,3091.098982415823,679.0001131962124,-12.626381463973146,13.157894736842104,10.105263157894736,0.7368421052631579,1404.2662334566837,148.1101387440067,4.581266210344007,20.568247736695124,303887.2191422727,228637.14435299268,0.7523749929277225,0.0,1.433651325895122,25,9.472705789592444
temperature,annealed,3,abl_tau_annealed_transformer_hs128_nl3_ff256_cluster_balanced_bs32_lr0.0003_gc1_wd0.005_do0.2_adamw_warmup_cosine_two_stage_tau0.08_cop0.4_siw1_tvw1_vw2_sf1.5_vwslate_ramp_hp50_vtp50_hls1_hus1_vls1_vus1_seed3,2535.1096333298765,3190.192018571162,672.6591551744208,-17.576769933135886,15.052631578947368,8.526315789473685,0.42105263157894735,1348.8258687433315,144.7501486379988,4.727054316869103,20.336699263440863,197727.5982896711,87861.16563373992,0.4443545888066836,0.0,1.16831865079386,10,1.0306743465703423
temperature,annealed,30,abl_tau_annealed_transformer_hs128_nl3_ff256_cluster_balanced_bs32_lr0.0003_gc1_wd0.005_do0.2_adamw_warmup_cosine_two_stage_tau0.08_cop0.4_siw1_tvw1_vw2_sf1.5_vwslate_ramp_hp50_vtp50_hls1_hus1_vls1_vus1_seed30,2520.596828751133,3623.936393465184,1139.156631693052,-35.81706697900045,15.052631578947368,8.368421052631579,0.5789473684210527,1379.1404215972145,150.92801525699906,4.539871736932056,17.927375315737567,244925.52396679958,152136.27546773653,0.6211532101830232,0.0,1.0226336337945856,20,-4.711628382597813
temperature,annealed,31,abl_tau_annealed_transformer_hs128_nl3_ff256_cluster_balanced_bs32_lr0.0003_gc1_wd0.005_do0.2_adamw_warmup_cosine_two_stage_tau0.08_cop0.4_siw1_tvw1_vw2_sf1.5_vwslate_ramp_hp50_vtp50_hls1_hus1_vls1_vus1_seed31,2533.8921141446854,3507.5012547017013,1009.4789372344043,-35.86979667738864,14.894736842105264,8.631578947368421,0.47368421052631576,1308.2791419430125,146.08529907000047,4.206907578918617,18.03315321012633,216069.79118372712,117916.06452040012,0.5457313763039391,0.0,0.914255209254285,25,13.287986726939307
temperature,annealed,32,abl_tau_annealed_transformer_hs128_nl3_ff256_cluster_balanced_bs32_lr0.0003_gc1_wd0.005_do0.2_adamw_warmup_cosine_two_stage_tau0.08_cop0.4_siw1_tvw1_vw2_sf1.5_vwslate_ramp_hp50_vtp50_hls1_hus1_vls1_vus1_seed32,2529.8994409752127,3112.9386518046676,629.9899298566608,-46.950719027205515,13.368421052631579,10.473684210526315,0.15789473684210525,1340.6768887747778,147.87981415599643,4.1443813683336455,20.487398841252894,355626.6457172313,196913.04966963624,0.5537072433717672,0.0,1.8840226506760025,25,6.042394703488174
temperature,annealed,33,abl_tau_annealed_transformer_hs128_nl3_ff256_cluster_balanced_bs32_lr0.0003_gc1_wd0.005_do0.2_adamw_warmup_cosine_two_stage_tau0.08_cop0.4_siw1_tvw1_vw2_sf1.5_vwslate_ramp_hp50_vtp50_hls1_hus1_vls1_vus1_seed33,2532.236775271778,3306.1412834305556,806.9886683121422,-33.084160153363875,14.210526315789474,9.68421052631579,0.10526315789473684,1349.9729689793855,145.38861090999853,4.148885001134324,20.72867094676966,322756.3253232845,148546.11289825296,0.4602422981159665,0.0,1.5276925776759176,25,3.93895574963211
temperature,annealed,34,abl_tau_annealed_transformer_hs128_nl3_ff256_cluster_balanced_bs32_lr0.0003_gc1_wd0.005_do0.2_adamw_warmup_cosine_two_stage_tau0.08_cop0.4_siw1_tvw1_vw2_sf1.5_vwslate_ramp_hp50_vtp50_hls1_hus1_vls1_vus1_seed34,2578.5547419054474,3404.830056919011,852.1888235249685,-25.913508511405244,15.421052631578947,8.526315789473685,0.05263157894736842,1311.7827073934154,141.63779388299736,4.1960878435546825,19.323965948914474,222783.76319553267,114570.0894445363,0.5142658863517828,0.0,0.9825993699833786,10,-57.407855969945466
temperature,annealed,35,abl_tau_annealed_transformer_hs128_nl3_ff256_cluster_balanced_bs32_lr0.0003_gc1_wd0.005_do0.2_adamw_warmup_cosine_two_stage_tau0.08_cop0.4_siw1_tvw1_vw2_sf1.5_vwslate_ramp_hp50_vtp50_hls1_hus1_vls1_vus1_seed35,2459.0947115820295,3182.6461904238845,748.6651437645061,-25.11366492265149,15.368421052631579,8.631578947368421,0.0,1301.5657153626787,142.17058531500516,4.465531631323852,18.83367863085464,250089.9358700435,118891.13921340821,0.47539353712813415,0.0,1.1623455637863935,10,10.867480795301907
temperature,annealed,36,abl_tau_annealed_transformer_hs128_nl3_ff256_cluster_balanced_bs32_lr0.0003_gc1_wd0.005_do0.2_adamw_warmup_cosine_two_stage_tau0.08_cop0.4_siw1_tvw1_vw2_sf1.5_vwslate_ramp_hp50_vtp50_hls1_hus1_vls1_vus1_seed36,2390.8720950782604,3140.216406802973,749.2794963799641,0.06481534474774377,13.947368421052632,10.052631578947368,0.0,1265.6139571962242,142.08212241600268,4.336292001473914,17.398192998371087,261429.27836761475,172546.90292049036,0.6600136908837716,0.0,1.4761293560269053,10,-15.456782264590101
temperature,annealed,37,abl_tau_annealed_transformer_hs128_nl3_ff256_cluster_balanced_bs32_lr0.0003_gc1_wd0.005_do0.2_adamw_warmup_cosine_two_stage_tau0.08_cop0.4_siw1_tvw1_vw2_sf1.5_vwslate_ramp_hp50_vtp50_hls1_hus1_vls1_vus1_seed37,2621.405498440711,3326.0520721803937,734.1521678571673,-29.5055941174846,14.210526315789474,9.0,0.7894736842105263,1358.388278411441,145.6411365699896,5.15444084272818,19.46032263023019,189682.17872514523,97577.55646071908,0.5144265903973597,0.0,0.9171235296399223,25,28.093346226351326
temperature,annealed,38,abl_tau_annealed_transformer_hs128_nl3_ff256_cluster_balanced_bs32_lr0.0003_gc1_wd0.005_do0.2_adamw_warmup_cosine_two_stage_tau0.08_cop0.4_siw1_tvw1_vw2_sf1.5_vwslate_ramp_hp50_vtp50_hls1_hus1_vls1_vus1_seed38,2474.441644515927,3306.7143385389027,865.4798253073263,-33.20713128434984,14.210526315789474,9.736842105263158,0.05263157894736842,1380.8921648053984,144.6400249349972,5.598298368185121,23.00675100061773,305106.7077470559,165470.50437361063,0.5423365012046587,0.0,2.0747359553830242,25,18.158352513099796
temperature,annealed,39,abl_tau_annealed_transformer_hs128_nl3_ff256_cluster_balanced_bs32_lr0.0003_gc1_wd0.005_do0.2_adamw_warmup_cosine_two_stage_tau0.08_cop0.4_siw1_tvw1_vw2_sf1.5_vwslate_ramp_hp50_vtp50_hls1_hus1_vls1_vus1_seed39,2415.2892138607945,3417.2494424885945,1041.0248243184515,-39.06459569065194,14.631578947368421,9.31578947368421,0.05263157894736842,1471.4284954761742,147.73127780799405,4.506700789390475,19.931803263668705,445230.76454858953,351284.2149791916,0.7889935802961675,0.0,2.3286951802794764,25,24.92351848142006
temperature,annealed,4,abl_tau_annealed_transformer_hs128_nl3_ff256_cluster_balanced_bs32_lr0.0003_gc1_wd0.005_do0.2_adamw_warmup_cosine_two_stage_tau0.08_cop0.4_siw1_tvw1_vw2_sf1.5_vwslate_ramp_hp50_vtp50_hls1_hus1_vls1_vus1_seed4,2356.2919722625097,3190.5741200161847,856.7224661909248,-22.44031843725004,14.0,9.947368421052632,0.05263157894736842,1257.7762805962159,148.4390113529953,5.880473947495614,22.02648926284287,358882.69636551535,231485.6702510632,0.6450176411272259,0.0,1.0779105056496507,20,-10.60594220780812
temperature,annealed,40,abl_tau_annealed_transformer_hs128_nl3_ff256_cluster_balanced_bs32_lr0.0003_gc1_wd0.005_do0.2_adamw_warmup_cosine_two_stage_tau0.08_cop0.4_siw1_tvw1_vw2_sf1.5_vwslate_ramp_hp50_vtp50_hls1_hus1_vls1_vus1_seed40,2402.91383392798,3089.3360414233,701.5271730188634,-15.104965523544111,13.31578947368421,10.68421052631579,0.0,1327.257922349645,149.93066650500987,4.777434735411876,19.07281984274864,396990.8594976358,217594.36131879242,0.548109247638958,0.0,1.2902151614448631,25,21.891115332383777
temperature,annealed,41,abl_tau_annealed_transformer_hs128_nl3_ff256_cluster_balanced_bs32_lr0.0003_gc1_wd0.005_do0.2_adamw_warmup_cosine_two_stage_tau0.08_cop0.4_siw1_tvw1_vw2_sf1.5_vwslate_ramp_hp50_vtp50_hls1_hus1_vls1_vus1_seed41,2538.458493520889,3152.745406573496,629.6613844208314,-15.374471368224997,13.473684210526315,10.526315789473685,0.0,1323.3249547998566,147.33325294899987,4.350630737271307,18.735851632970338,367459.3611883213,187081.64135004798,0.5091219903747927,0.0,1.463400271203134,20,-6.4513925635185165
temperature,annealed,42,abl_tau_annealed_transformer_hs128_nl3_ff256_cluster_balanced_bs32_lr0.0003_gc1_wd0.005_do0.2_adamw_warmup_cosine_two_stage_tau0.08_cop0.4_siw1_tvw1_vw2_sf1.5_vwslate_ramp_hp50_vtp50_hls1_hus1_vls1_vus1_seed42,2464.697886093335,3399.0011908048323,958.1571224080371,-23.853817696539984,14.210526315789474,9.789473684210526,0.0,1297.362526229184,147.33224831799453,5.327462948595271,20.034248262833756,372759.44747459143,211589.18279327534,0.5676292961232001,0.0,2.435383923890206,20,-8.679056206050605
temperature,annealed,43,abl_tau_annealed_transformer_hs128_nl3_ff256_cluster_balanced_bs32_lr0.0003_gc1_wd0.005_do0.2_adamw_warmup_cosine_two_stage_tau0.08_cop0.4_siw1_tvw1_vw2_sf1.5_vwslate_ramp_hp50_vtp50_hls1_hus1_vls1_vus1_seed43,2482.298669751205,3306.390250060082,849.9331015327859,-25.841521223908977,14.105263157894736,9.31578947368421,0.5789473684210527,1478.470854464329,153.28843489500287,4.864056631432552,19.192680368800403,208681.3194928856,136840.22513534623,0.6557377798256226,0.0,1.100884883952405,25,38.605204269918666
temperature,annealed,44,abl_tau_annealed_transformer_hs128_nl3_ff256_cluster_balanced_bs32_lr0.0003_gc1_wd0.005_do0.2_adamw_warmup_cosine_two_stage_tau0.08_cop0.4_siw1_tvw1_vw2_sf1.5_vwslate_ramp_hp50_vtp50_hls1_hus1_vls1_vus1_seed44,2460.9729491909734,3029.352595500575,591.8765320366177,-23.49688572701655,13.263157894736842,10.736842105263158,0.0,1210.3188146614866,154.02061269000114,4.618827842549715,18.482684525416087,359951.15695987595,143895.56397596854,0.399764137977222,0.0,1.4547809750579705,25,20.52222508840465
temperature,annealed,45,abl_tau_annealed_transformer_hs128_nl3_ff256_cluster_balanced_bs32_lr0.0003_gc1_wd0.005_do0.2_adamw_warmup_cosine_two_stage_tau0.08_cop0.4_siw1_tvw1_vw2_sf1.5_vwslate_ramp_hp50_vtp50_hls1_hus1_vls1_vus1_seed45,2505.0028743542043,3589.9212018436488,1108.7034841123511,-23.785156622905475,15.052631578947368,8.947368421052632,0.0,1389.6691118199935,152.7838049060083,5.089641839731485,20.476554001154575,357638.8045361679,178131.4658470267,0.49807644916510263,0.0,1.397676615657256,10,16.841351479049738
temperature,annealed,46,abl_tau_annealed_transformer_hs128_nl3_ff256_cluster_balanced_bs32_lr0.0003_gc1_wd0.005_do0.2_adamw_warmup_cosine_two_stage_tau0.08_cop0.4_siw1_tvw1_vw2_sf1.5_vwslate_ramp_hp50_vtp50_hls1_hus1_vls1_vus1_seed46,2344.583362007052,2906.469937066866,575.6085214551357,-13.721946395321897,12.736842105263158,11.263157894736842,0.0,1487.1620729856452,155.95862411799317,4.868843422675702,19.385229948583355,299914.1132057146,192719.97145665364,0.6425838697509535,0.0,2.089690084887382,25,41.782339617205814
temperature,annealed,5,abl_tau_annealed_transformer_hs128_nl3_ff256_cluster_balanced_bs32_lr0.0003_gc1_wd0.005_do0.2_adamw_warmup_cosine_two_stage_tau0.08_cop0.4_siw1_tvw1_vw2_sf1.5_vwslate_ramp_hp50_vtp50_hls1_hus1_vls1_vus1_seed5,2475.1465468421184,3481.5817781604765,1042.758511401236,-36.32328008287831,14.789473684210526,8.263157894736842,0.9473684210526315,1459.6515284760376,150.46589727600804,4.6856234196303905,21.017497158793145,206553.89266150037,142135.13113108475,0.688126131633913,0.0,0.7972513480961497,10,13.035020386274782
temperature,annealed,6,abl_tau_annealed_transformer_hs128_nl3_ff256_cluster_balanced_bs32_lr0.0003_gc1_wd0.005_do0.2_adamw_warmup_cosine_two_stage_tau0.08_cop0.4_siw1_tvw1_vw2_sf1.5_vwslate_ramp_hp50_vtp50_hls1_hus1_vls1_vus1_seed6,2543.610577305768,3370.9602177172383,860.0918256559677,-32.7421852444975,15.631578947368421,8.368421052631579,0.0,1368.6432661627803,148.0529376929917,4.958521367945267,18.967391370097175,228581.745681751,116160.70214736213,0.5081801339862455,0.0,1.4438977765282897,10,47.33337074241227
temperature,annealed,7,abl_tau_annealed_transformer_hs128_nl3_ff256_cluster_balanced_bs32_lr0.0003_gc1_wd0.005_do0.2_adamw_warmup_cosine_two_stage_tau0.08_cop0.4_siw1_tvw1_vw2_sf1.5_vwslate_ramp_hp50_vtp50_hls1_hus1_vls1_vus1_seed7,2416.8379894062978,3277.2546919418164,892.5990676250168,-32.18236508949807,14.473684210526315,9.421052631578947,0.10526315789473684,1441.6379064224518,149.3667291289894,5.686014369865389,22.13883052402372,381319.06868060713,227735.79184959666,0.5972315851855501,0.0,2.02042705396104,20,-17.299467227259868
temperature,annealed,8,abl_tau_annealed_transformer_hs128_nl3_ff256_cluster_balanced_bs32_lr0.0003_gc1_wd0.005_do0.2_adamw_warmup_cosine_two_stage_tau0.08_cop0.4_siw1_tvw1_vw2_sf1.5_vwslate_ramp_hp50_vtp50_hls1_hus1_vls1_vus1_seed8,2496.7431949113143,3444.80391243506,968.7069326950578,-20.646215171312033,15.368421052631579,8.631578947368421,0.0,1440.7546968263837,151.60912505199667,4.722908206627165,20.49853641993219,399863.0338269901,276388.3104427747,0.6912074562070181,0.0,2.084837785544789,10,21.086962083394212
temperature,annealed,9,abl_tau_annealed_transformer_hs128_nl3_ff256_cluster_balanced_bs32_lr0.0003_gc1_wd0.005_do0.2_adamw_warmup_cosine_two_stage_tau0.08_cop0.4_siw1_tvw1_vw2_sf1.5_vwslate_ramp_hp50_vtp50_hls1_hus1_vls1_vus1_seed9,2416.1128204394804,3105.5626238352384,706.2936769615827,-16.84387356582441,13.789473684210526,10.210526315789474,0.0,1420.0115346381035,152.37408632600273,4.851977422827315,19.744527580578026,529804.0416772891,336430.92571376666,0.6350101155300196,0.0,2.2148478552839346,25,14.339632946589475
temperature,fixed_low,0,abl_tau_fixed_transformer_hs128_nl3_ff256_cluster_balanced_bs32_lr0.0003_gc1_wd0.005_do0.2_adamw_warmup_cosine_two_stage_tau0.08_cop0.4_siw1_tvw1_vw2_sf1.5_vwslate_ramp_hp50_vtp50_hls1_hus1_vls1_vus1_seed0,2395.8734444267116,3095.1575106452256,720.5374492630206,-21.253383044506375,14.105263157894736,9.842105263157896,0.05263157894736842,1394.467948315339,147.41105967300246,4.475628000172468,19.034739632747677,534517.8539012658,283927.1204167649,0.5311836047093217,0.0,1.8726755484089577,25,23.908940997182647
temperature,fixed_low,1,abl_tau_fixed_transformer_hs128_nl3_ff256_cluster_balanced_bs32_lr0.0003_gc1_wd0.005_do0.2_adamw_warmup_cosine_two_stage_tau0.08_cop0.4_siw1_tvw1_vw2_sf1.5_vwslate_ramp_hp50_vtp50_hls1_hus1_vls1_vus1_seed1,2141.277975920219,3172.4984625093753,1078.5108273587293,-47.29034076957326,16.105263157894736,7.2631578947368425,0.631578947368421,1356.4918731713528,147.04630714200175,4.08191810473861,18.423978842053515,284233.1559899103,118435.29182272086,0.4166835899571304,0.0,0.8600954864462734,10,58.13440030521637
temperature,fixed_low,10,abl_tau_fixed_transformer_hs128_nl3_ff256_cluster_balanced_bs32_lr0.0003_gc1_wd0.005_do0.2_adamw_warmup_cosine_two_stage_tau0.08_cop0.4_siw1_tvw1_vw2_sf1.5_vwslate_ramp_hp50_vtp50_hls1_hus1_vls1_vus1_seed10,2610.3692260920034,3358.57991201938,778.6650105307074,-30.454324603331717,14.68421052631579,8.578947368421053,0.7368421052631579,1368.4026564731441,241.58978846100035,8.407381263168645,36.70379894729673,279790.3889982322,232671.14035827055,0.8315908962825047,0.0,0.48638115965679174,25,32.63129524409782
temperature,fixed_low,11,abl_tau_fixed_transformer_hs128_nl3_ff256_cluster_balanced_bs32_lr0.0003_gc1_wd0.005_do0.2_adamw_warmup_cosine_two_stage_tau0.08_cop0.4_siw1_tvw1_vw2_sf1.5_vwslate_ramp_hp50_vtp50_hls1_hus1_vls1_vus1_seed11,2028.9399780870456,3679.1342921679743,1706.2232286134335,-56.02891453250459,14.842105263157896,5.473684210526316,3.6842105263157894,1404.2059810131714,254.26397365000048,5.606574105274232,56.4273865790088,332113.5723398617,187831.95923129504,0.5655654416889684,0.0,0.8429265643309933,20,-0.6065065038426097
temperature,fixed_low,12,abl_tau_fixed_transformer_hs128_nl3_ff256_cluster_balanced_bs32_lr0.0003_gc1_wd0.005_do0.2_adamw_warmup_cosine_two_stage_tau0.08_cop0.4_siw1_tvw1_vw2_sf1.5_vwslate_ramp_hp50_vtp50_hls1_hus1_vls1_vus1_seed12,2175.760585885444,3088.9098694258223,917.9131698578315,-4.763886317453887,12.894736842105264,9.263157894736842,1.8421052631578947,1189.011197187903,302.6699396290005,5.237243894761808,47.423426105237205,351643.4037613978,128567.40102018561,0.3656186911085158,0.0,1.1272829723843985,25,93.81659955773993
temperature,fixed_low,13,abl_tau_fixed_transformer_hs128_nl3_ff256_cluster_balanced_bs32_lr0.0003_gc1_wd0.005_do0.2_adamw_warmup_cosine_two_stage_tau0.08_cop0.4_siw1_tvw1_vw2_sf1.5_vwslate_ramp_hp50_vtp50_hls1_hus1_vls1_vus1_seed13,2435.316320669861,3230.6187031962745,813.037831000043,-17.735448473629198,13.947368421052632,9.473684210526315,0.5789473684210527,1295.964687099663,302.1751516760005,7.525142105279022,56.67415710520704,320388.9451148553,174779.50927335132,0.5455229087592117,0.0,0.9524824911980294,25,15.288755498844512
temperature,fixed_low,14,abl_tau_fixed_transformer_hs128_nl3_ff256_cluster_balanced_bs32_lr0.0003_gc1_wd0.005_do0.2_adamw_warmup_cosine_two_stage_tau0.08_cop0.4_siw1_tvw1_vw2_sf1.5_vwslate_ramp_hp50_vtp50_hls1_hus1_vls1_vus1_seed14,1930.2815473408486,2998.0500142527644,1091.8334675291692,-24.065000617253155,12.789473684210526,6.684210526315789,4.526315789473684,1320.8173502223049,301.35577596499934,5.812674842098587,58.58831831583781,321186.11919451924,129570.82857356248,0.40341353760400456,0.0,1.1930043857160149,25,10.208347109143146
temperature,fixed_low,15,abl_tau_fixed_transformer_hs128_nl3_ff256_cluster_balanced_bs32_lr0.0003_gc1_wd0.005_do0.2_adamw_warmup_cosine_two_stage_tau0.08_cop0.4_siw1_tvw1_vw2_sf1.5_vwslate_ramp_hp50_vtp50_hls1_hus1_vls1_vus1_seed15,2411.8338833924395,3813.3449645532764,1450.3583948859698,-48.84731372513269,16.57894736842105,6.894736842105263,0.5263157894736842,1230.623846523477,239.46839258399996,8.24003684211723,58.0186764737415,212191.24223489684,158735.02019257686,0.748075267012464,0.0,0.4589546068064125,20,-38.10605103446869
temperature,fixed_low,16,abl_tau_fixed_transformer_hs128_nl3_ff256_cluster_balanced_bs32_lr0.0003_gc1_wd0.005_do0.2_adamw_warmup_cosine_two_stage_tau0.08_cop0.4_siw1_tvw1_vw2_sf1.5_vwslate_ramp_hp50_vtp50_hls1_hus1_vls1_vus1_seed16,2236.487839041807,2950.5355717947928,726.9602311429074,-12.91249838992169,13.052631578947368,9.421052631578947,1.5263157894736843,1250.7573922402466,294.7416677099991,7.864148421216861,57.318537684152126,349150.50544289296,153605.07633271758,0.43993943568224686,0.0,0.9007122147531192,25,5.230004917563538
temperature,fixed_low,17,abl_tau_fixed_transformer_hs128_nl3_ff256_cluster_balanced_bs32_lr0.0003_gc1_wd0.005_do0.2_adamw_warmup_cosine_two_stage_tau0.08_cop0.4_siw1_tvw1_vw2_sf1.5_vwslate_ramp_hp50_vtp50_hls1_hus1_vls1_vus1_seed17,2350.473651835806,3463.898492882026,1140.6218351844234,-27.19699413820317,14.421052631578947,9.421052631578947,0.15789473684210525,1239.562683109249,291.61432871599936,5.729244841955063,64.08157615777255,374607.50987350324,197181.05654814275,0.5263670678004466,0.0,1.5775078730192746,20,-84.55663642582395
temperature,fixed_low,18,abl_tau_fixed_transformer_hs128_nl3_ff256_cluster_balanced_bs32_lr0.0003_gc1_wd0.005_do0.2_adamw_warmup_cosine_two_stage_tau0.08_cop0.4_siw1_tvw1_vw2_sf1.5_vwslate_ramp_hp50_vtp50_hls1_hus1_vls1_vus1_seed18,1952.9657691436196,2960.3435911549495,1033.4331711917775,-26.05534918044743,13.0,8.578947368421053,2.4210526315789473,1242.784594083882,306.28479118700125,5.9097160527399915,53.37829463161669,388933.1584388338,186164.25265298347,0.4786535902473353,0.0,1.3078494949298634,25,17.542266570597874
temperature,fixed_low,19,abl_tau_fixed_transformer_hs128_nl3_ff256_cluster_balanced_bs32_lr0.0003_gc1_wd0.005_do0.2_adamw_warmup_cosine_two_stage_tau0.08_cop0.4_siw1_tvw1_vw2_sf1.5_vwslate_ramp_hp50_vtp50_hls1_hus1_vls1_vus1_seed19,2479.260960388927,3088.617623197208,633.2420386326954,-23.885375824413803,13.210526315789474,9.789473684210526,1.0,1230.1052875322664,144.13308699299887,4.471207841944354,19.43414963132359,394799.5152536606,155905.50166160532,0.39489790548865106,0.0,1.0263096789797705,25,14.052490896107559
temperature,fixed_low,2,abl_tau_fixed_transformer_hs128_nl3_ff256_cluster_balanced_bs32_lr0.0003_gc1_wd0.005_do0.2_adamw_warmup_cosine_two_stage_tau0.08_cop0.4_siw1_tvw1_vw2_sf1.5_vwslate_ramp_hp50_vtp50_hls1_hus1_vls1_vus1_seed2,2537.7964742898216,3688.0140627294268,1178.669949386079,-28.45236094647332,15.105263157894736,8.210526315789474,0.6842105263157895,1451.3076789660845,149.1280388430023,4.245986000521378,18.265106579316413,315964.4751339877,192288.0566214563,0.6085749245699685,0.0,0.664429252478513,20,-21.303738876327888
temperature,fixed_low,20,abl_tau_fixed_transformer_hs128_nl3_ff256_cluster_balanced_bs32_lr0.0003_gc1_wd0.005_do0.2_adamw_warmup_cosine_two_stage_tau0.08_cop0.4_siw1_tvw1_vw2_sf1.5_vwslate_ramp_hp50_vtp50_hls1_hus1_vls1_vus1_seed20,2357.9877204265927,2774.473809562954,451.1282094645617,-34.642120328200484,12.526315789473685,10.31578947368421,1.1578947368421053,1274.9763337616134,145.7507503309971,5.760870368057543,22.22355047361864,364319.45250893885,198367.0844109118,0.5444866669754471,0.0,1.0811718150403766,20,-43.18412285873886
temperature,fixed_low,21,abl_tau_fixed_transformer_hs128_nl3_ff256_cluster_balanced_bs32_lr0.0003_gc1_wd0.005_do0.2_adamw_warmup_cosine_two_stage_tau0.08_cop0.4_siw1_tvw1_vw2_sf1.5_vwslate_ramp_hp50_vtp50_hls1_hus1_vls1_vus1_seed21,2313.154397096843,3823.833742826604,1567.8183355282197,-57.138989798458,16.31578947368421,7.421052631578948,0.2631578947368421,1243.62603168797,145.35981722900033,4.382216579152124,17.943768210994005,462678.9960416965,324468.974172074,0.7012831292277485,0.0,1.6145907020306576,20,-81.15560079997817
temperature,fixed_low,22,abl_tau_fixed_transformer_hs128_nl3_ff256_cluster_balanced_bs32_lr0.0003_gc1_wd0.005_do0.2_adamw_warmup_cosine_two_stage_tau0.08_cop0.4_siw1_tvw1_vw2_sf1.5_vwslate_ramp_hp50_vtp50_hls1_hus1_vls1_vus1_seed22,2091.21769528252,3622.0186004523757,1588.6732153374064,-57.87231016755104,13.631578947368421,6.315789473684211,4.052631578947368,1328.2086392933866,142.04117276100442,4.216461684432272,16.536841790136684,488058.6236816738,449619.23140641814,0.9212402149862904,0.0,1.758173544047173,10,21.83925122938886
temperature,fixed_low,23,abl_tau_fixed_transformer_hs128_nl3_ff256_cluster_balanced_bs32_lr0.0003_gc1_wd0.005_do0.2_adamw_warmup_cosine_two_stage_tau0.08_cop0.4_siw1_tvw1_vw2_sf1.5_vwslate_ramp_hp50_vtp50_hls1_hus1_vls1_vus1_seed23,2374.6408586816287,3121.2796877131295,766.3453904716047,-19.70656144010393,13.473684210526315,10.526315789473685,0.0,1233.259274261678,145.73194580100244,4.512736632023007,19.274767052066682,514609.1226391563,215445.87126740717,0.4186592537701236,0.0,1.9100863400066348,25,7.692651121265677
temperature,fixed_low,24,abl_tau_fixed_transformer_hs128_nl3_ff256_cluster_balanced_bs32_lr0.0003_gc1_wd0.005_do0.2_adamw_warmup_cosine_two_stage_tau0.08_cop0.4_siw1_tvw1_vw2_sf1.5_vwslate_ramp_hp50_vtp50_hls1_hus1_vls1_vus1_seed24,2308.99283419506,3595.764357821567,1332.2860113201302,-45.514487693623494,16.157894736842106,7.2631578947368425,0.5789473684210527,1356.127725103775,152.6806204339955,4.328800947788343,20.67639536835486,270897.9336724015,118374.17123733902,0.4369696351412175,0.0,0.8887492076399739,25,86.0222442267605
temperature,fixed_low,25,abl_tau_fixed_transformer_hs128_nl3_ff256_cluster_balanced_bs32_lr0.0003_gc1_wd0.005_do0.2_adamw_warmup_cosine_two_stage_tau0.08_cop0.4_siw1_tvw1_vw2_sf1.5_vwslate_ramp_hp50_vtp50_hls1_hus1_vls1_vus1_seed25,2116.9346871222187,3338.113006314268,1282.357888360423,-61.179569168373156,14.105263157894736,6.2105263157894735,3.6842105263157894,1330.2433884022023,152.6051768230027,5.294032315999319,21.208406579573516,274313.5297079575,118445.13545908881,0.4317874352941653,0.0,1.0793253787964814,10,0.6697521082735787
temperature,fixed_low,26,abl_tau_fixed_transformer_hs128_nl3_ff256_cluster_balanced_bs32_lr0.0003_gc1_wd0.005_do0.2_adamw_warmup_cosine_two_stage_tau0.08_cop0.4_siw1_tvw1_vw2_sf1.5_vwslate_ramp_hp50_vtp50_hls1_hus1_vls1_vus1_seed26,2332.299646846462,3096.9611887956603,804.189372875692,-39.5278309264936,12.68421052631579,6.7894736842105265,4.526315789473684,1122.44204204104,152.19250821800233,4.818124789285082,18.38186326418317,337214.84633804654,158940.4044100376,0.47133276051169226,0.0,1.0114274074605318,20,-18.12700194059612
temperature,fixed_low,27,abl_tau_fixed_transformer_hs128_nl3_ff256_cluster_balanced_bs32_lr0.0003_gc1_wd0.005_do0.2_adamw_warmup_cosine_two_stage_tau0.08_cop0.4_siw1_tvw1_vw2_sf1.5_vwslate_ramp_hp50_vtp50_hls1_hus1_vls1_vus1_seed27,2142.907230406558,3746.0973150773925,1661.113445184095,-57.923360513260484,13.842105263157896,5.578947368421052,4.578947368421052,1415.9870444678793,147.1251816790027,5.042494895046969,19.310689842218142,317877.1043571496,173612.08187344056,0.5461610147246697,0.0,0.8714923583165318,20,-6.835160495709449
temperature,fixed_low,28,abl_tau_fixed_transformer_hs128_nl3_ff256_cluster_balanced_bs32_lr0.0003_gc1_wd0.005_do0.2_adamw_warmup_cosine_two_stage_tau0.08_cop0.4_siw1_tvw1_vw2_sf1.5_vwslate_ramp_hp50_vtp50_hls1_hus1_vls1_vus1_seed28,2303.877915683778,3425.398289928783,1176.1407520988632,-54.620377853857846,15.421052631578947,7.157894736842105,1.4210526315789473,1209.4861210666802,145.12441521399887,4.4030316850311415,19.50999994733138,367660.4462939629,280133.54503878043,0.7619354974475543,0.0,0.8640103432019037,10,-16.909038897517902
temperature,fixed_low,29,abl_tau_fixed_transformer_hs128_nl3_ff256_cluster_balanced_bs32_lr0.0003_gc1_wd0.005_do0.2_adamw_warmup_cosine_two_stage_tau0.08_cop0.4_siw1_tvw1_vw2_sf1.5_vwslate_ramp_hp50_vtp50_hls1_hus1_vls1_vus1_seed29,2376.1678205829585,3105.860150608663,759.6771246846918,-29.984794658987145,14.31578947368421,9.68421052631579,0.0,1180.6742572889393,150.17440723900654,4.407895210438016,19.549452000463038,485367.18098794855,254956.19104906853,0.5252851882776948,0.0,1.6579338551826486,20,-13.650070221893774
temperature,fixed_low,3,abl_tau_fixed_transformer_hs128_nl3_ff256_cluster_balanced_bs32_lr0.0003_gc1_wd0.005_do0.2_adamw_warmup_cosine_two_stage_tau0.08_cop0.4_siw1_tvw1_vw2_sf1.5_vwslate_ramp_hp50_vtp50_hls1_hus1_vls1_vus1_seed3,2469.4719883285397,3543.0963045263375,1107.6839666180622,-34.0596504202642,15.578947368421053,7.7894736842105265,0.631578947368421,1263.2575945213428,149.0605204349995,4.658264105704515,18.071880262715766,226590.26608350856,139351.54398965678,0.6149935140563345,0.0,0.38153962685745785,25,31.586955221687038
temperature,fixed_low,30,abl_tau_fixed_transformer_hs128_nl3_ff256_cluster_balanced_bs32_lr0.0003_gc1_wd0.005_do0.2_adamw_warmup_cosine_two_stage_tau0.08_cop0.4_siw1_tvw1_vw2_sf1.5_vwslate_ramp_hp50_vtp50_hls1_hus1_vls1_vus1_seed30,2247.73984696974,2852.9305171888495,625.5664699508161,-20.37579973170632,12.157894736842104,10.368421052631579,1.4736842105263157,1357.9746679175566,148.35903411700565,4.8775830532816284,19.84722926327346,276897.03101152997,129207.05614624734,0.4666249243418835,0.0,0.7992910275693157,20,-21.274478699925094
temperature,fixed_low,31,abl_tau_fixed_transformer_hs128_nl3_ff256_cluster_balanced_bs32_lr0.0003_gc1_wd0.005_do0.2_adamw_warmup_cosine_two_stage_tau0.08_cop0.4_siw1_tvw1_vw2_sf1.5_vwslate_ramp_hp50_vtp50_hls1_hus1_vls1_vus1_seed31,2289.054325661293,3230.1301814484364,980.122549140388,-39.04669335324513,13.947368421052632,9.31578947368421,0.7368421052631579,1207.0793875202176,148.5183112530067,4.567955843843888,18.43559768435386,286675.4951118133,127176.11085673129,0.4436239337691847,0.0,1.448805736201778,25,114.88005883796956
temperature,fixed_low,32,abl_tau_fixed_transformer_hs128_nl3_ff256_cluster_balanced_bs32_lr0.0003_gc1_wd0.005_do0.2_adamw_warmup_cosine_two_stage_tau0.08_cop0.4_siw1_tvw1_vw2_sf1.5_vwslate_ramp_hp50_vtp50_hls1_hus1_vls1_vus1_seed32,2440.5913064229985,3428.4438279731826,1023.3479416831217,-35.495420132938186,15.789473684210526,7.526315789473684,0.6842105263157895,1275.1539242322635,144.6048229460066,5.3159129483423095,23.043709472786805,301709.97340425145,179568.6085617046,0.5951696144996388,0.0,0.6294018454652633,20,-0.24059561950688246
temperature,fixed_low,33,abl_tau_fixed_transformer_hs128_nl3_ff256_cluster_balanced_bs32_lr0.0003_gc1_wd0.005_do0.2_adamw_warmup_cosine_two_stage_tau0.08_cop0.4_siw1_tvw1_vw2_sf1.5_vwslate_ramp_hp50_vtp50_hls1_hus1_vls1_vus1_seed33,2503.824872703355,3278.6980280903817,804.837454208338,-29.964298821311246,14.736842105263158,8.631578947368421,0.631578947368421,1339.5087433007568,146.51738153500628,4.238410999900417,18.03958310483722,226731.68527113114,168091.51517063644,0.7413675550888646,0.0,0.4254031148526057,25,17.579471304615392
temperature,fixed_low,34,abl_tau_fixed_transformer_hs128_nl3_ff256_cluster_balanced_bs32_lr0.0003_gc1_wd0.005_do0.2_adamw_warmup_cosine_two_stage_tau0.08_cop0.4_siw1_tvw1_vw2_sf1.5_vwslate_ramp_hp50_vtp50_hls1_hus1_vls1_vus1_seed34,2266.6000676004937,3654.2321029581453,1453.6979610687313,-66.06592571107963,16.894736842105264,7.105263157894737,0.0,1158.7496650210567,141.3581943820027,4.846507264454359,21.528905894037482,296639.59268478444,236400.9359360707,0.7969298157285274,0.0,1.024942598598899,10,28.709908779831768
temperature,fixed_low,35,abl_tau_fixed_transformer_hs128_nl3_ff256_cluster_balanced_bs32_lr0.0003_gc1_wd0.005_do0.2_adamw_warmup_cosine_two_stage_tau0.08_cop0.4_siw1_tvw1_vw2_sf1.5_vwslate_ramp_hp50_vtp50_hls1_hus1_vls1_vus1_seed35,2574.8864424900644,3355.607429702618,805.8769465373905,-25.155959324836733,14.526315789473685,8.894736842105264,0.5789473684210527,1360.5992663827947,142.18600150100247,4.294474472867717,18.95411789576572,304246.199089255,197909.05314855,0.6504898129902045,0.0,0.6714139374877196,25,27.987832806894524
temperature,fixed_low,36,abl_tau_fixed_transformer_hs128_nl3_ff256_cluster_balanced_bs32_lr0.0003_gc1_wd0.005_do0.2_adamw_warmup_cosine_two_stage_tau0.08_cop0.4_siw1_tvw1_vw2_sf1.5_vwslate_ramp_hp50_vtp50_hls1_hus1_vls1_vus1_seed36,2158.6942813315577,3063.2922549910863,936.8675348459298,-32.26956118640147,13.473684210526315,9.052631578947368,1.4736842105263157,1238.1902694400183,142.45386759699613,6.586009474918491,26.168934314658767,370622.0203850597,171129.69181023008,0.46173643873732595,0.0,1.389527486269099,25,25.774101401047812
temperature,fixed_low,37,abl_tau_fixed_transformer_hs128_nl3_ff256_cluster_balanced_bs32_lr0.0003_gc1_wd0.005_do0.2_adamw_warmup_cosine_two_stage_tau0.08_cop0.4_siw1_tvw1_vw2_sf1.5_vwslate_ramp_hp50_vtp50_hls1_hus1_vls1_vus1_seed37,2050.4777451865903,3692.7475105949693,1696.4570140074998,-54.18724859912145,13.736842105263158,5.578947368421052,4.684210526315789,1318.7349334477635,143.47786743599863,4.508178524127671,17.277648000009847,345541.0018507771,115017.21576320277,0.3328612672509218,0.0,1.3729889585927246,20,-32.299493067201304
temperature,fixed_low,38,abl_tau_fixed_transformer_hs128_nl3_ff256_cluster_balanced_bs32_lr0.0003_gc1_wd0.005_do0.2_adamw_warmup_cosine_two_stage_tau0.08_cop0.4_siw1_tvw1_vw2_sf1.5_vwslate_ramp_hp50_vtp50_hls1_hus1_vls1_vus1_seed38,2388.53796377787,2932.9205584696756,543.5496756601729,0.8329190316325767,12.631578947368421,10.0,1.368421052631579,1209.3784639135145,145.03778342099395,5.240103685585047,22.035635000640085,393109.6383907448,225932.25905149337,0.5747309070731058,0.0,1.3880385187079245,25,53.141783223356434
temperature,fixed_low,39,abl_tau_fixed_transformer_hs128_nl3_ff256_cluster_balanced_bs32_lr0.0003_gc1_wd0.005_do0.2_adamw_warmup_cosine_two_stage_tau0.08_cop0.4_siw1_tvw1_vw2_sf1.5_vwslate_ramp_hp50_vtp50_hls1_hus1_vls1_vus1_seed39,2450.344519343593,3096.9369375078372,669.5926459577619,-23.000227793517865,13.052631578947368,10.105263157894736,0.8421052631578947,1281.9031373432624,149.73096351099957,4.667350947305462,19.857589524594676,348830.2341334802,150053.47167044246,0.43016188675040246,0.0,0.9554316915793516,25,20.75468293435164
temperature,fixed_low,4,abl_tau_fixed_transformer_hs128_nl3_ff256_cluster_balanced_bs32_lr0.0003_gc1_wd0.005_do0.2_adamw_warmup_cosine_two_stage_tau0.08_cop0.4_siw1_tvw1_vw2_sf1.5_vwslate_ramp_hp50_vtp50_hls1_hus1_vls1_vus1_seed4,2186.448398734869,2781.122239203098,626.018221393684,-31.344380925454594,13.0,10.842105263157896,0.15789473684210525,1232.0990871443496,147.3655534089994,4.916260105107396,19.721428421019624,319853.0093878857,203603.9343154864,0.6365546933734675,0.0,1.0708864673025253,20,-5.080783772731035
temperature,fixed_low,40,abl_tau_fixed_transformer_hs128_nl3_ff256_cluster_balanced_bs32_lr0.0003_gc1_wd0.005_do0.2_adamw_warmup_cosine_two_stage_tau0.08_cop0.4_siw1_tvw1_vw2_sf1.5_vwslate_ramp_hp50_vtp50_hls1_hus1_vls1_vus1_seed40,2216.4631809592556,3336.541072940071,1174.7466845212148,-54.66879254039965,16.157894736842106,7.631578947368421,0.21052631578947367,1389.7303711085754,148.42527371199685,4.337324366420752,18.986432944841095,294103.33379551506,209727.4629563616,0.7131080775241448,0.0,0.49758795711579695,25,23.954780531965564
temperature,fixed_low,41,abl_tau_fixed_transformer_hs128_nl3_ff256_cluster_balanced_bs32_lr0.0003_gc1_wd0.005_do0.2_adamw_warmup_cosine_two_stage_tau0.08_cop0.4_siw1_tvw1_vw2_sf1.5_vwslate_ramp_hp50_vtp50_hls1_hus1_vls1_vus1_seed41,2371.571776437355,3330.345740204208,988.7927225927637,-30.018758825910716,15.052631578947368,7.947368421052632,1.0,1413.6429032439944,145.8235227129917,4.302684421418235,17.96280947516942,275289.0502761451,152804.88381594923,0.555070692650758,0.0,0.8334519217558295,25,51.12878850561792
temperature,fixed_low,42,abl_tau_fixed_transformer_hs128_nl3_ff256_cluster_balanced_bs32_lr0.0003_gc1_wd0.005_do0.2_adamw_warmup_cosine_two_stage_tau0.08_cop0.4_siw1_tvw1_vw2_sf1.5_vwslate_ramp_hp50_vtp50_hls1_hus1_vls1_vus1_seed42,2507.5992057111057,3099.6784028820707,616.9246780091005,-24.84548083813567,13.631578947368421,9.578947368421053,0.7894736842105263,1274.991744861999,147.0949351129966,4.79884037064805,18.790844368356233,277722.30241055915,127629.22012690254,0.45955697118709327,0.0,0.6085467082607626,25,35.11588516521491
temperature,fixed_low,43,abl_tau_fixed_transformer_hs128_nl3_ff256_cluster_balanced_bs32_lr0.0003_gc1_wd0.005_do0.2_adamw_warmup_cosine_two_stage_tau0.08_cop0.4_siw1_tvw1_vw2_sf1.5_vwslate_ramp_hp50_vtp50_hls1_hus1_vls1_vus1_seed43,2247.374439403639,3213.2418601455024,991.2171864959864,-25.349765754122483,13.68421052631579,10.210526315789474,0.10526315789473684,1341.5838484694448,152.866065773007,4.519265631403725,20.791049316023035,441120.0657436617,204542.62162916976,0.46368922548182395,0.0,1.6114169268327174,20,-35.1121250421574
temperature,fixed_low,44,abl_tau_fixed_transformer_hs128_nl3_ff256_cluster_balanced_bs32_lr0.0003_gc1_wd0.005_do0.2_adamw_warmup_cosine_two_stage_tau0.08_cop0.4_siw1_tvw1_vw2_sf1.5_vwslate_ramp_hp50_vtp50_hls1_hus1_vls1_vus1_seed44,2389.754379927288,3314.4951663999127,957.1941840607276,-32.45339758810244,15.736842105263158,8.263157894736842,0.0,1308.5201587880229,153.48396589999902,4.871034842309248,21.08834831711934,253778.9415829283,135034.31065302872,0.532094230556569,0.0,1.061709993145369,20,-15.870000447879068
temperature,fixed_low,45,abl_tau_fixed_transformer_hs128_nl3_ff256_cluster_balanced_bs32_lr0.0003_gc1_wd0.005_do0.2_adamw_warmup_cosine_two_stage_tau0.08_cop0.4_siw1_tvw1_vw2_sf1.5_vwslate_ramp_hp50_vtp50_hls1_hus1_vls1_vus1_seed45,2177.386009844612,3717.257548824359,1581.770190200922,-41.89865122117494,14.105263157894736,5.526315789473684,4.368421052631579,1352.3240939208713,152.30827732000034,5.488787000343253,20.07176399944767,244890.33138317172,204521.71798205655,0.835156360918342,0.0,0.5837317680995474,25,2.9681660342907534
temperature,fixed_low,46,abl_tau_fixed_transformer_hs128_nl3_ff256_cluster_balanced_bs32_lr0.0003_gc1_wd0.005_do0.2_adamw_warmup_cosine_two_stage_tau0.08_cop0.4_siw1_tvw1_vw2_sf1.5_vwslate_ramp_hp50_vtp50_hls1_hus1_vls1_vus1_seed46,2188.907680736907,2882.9681986940905,731.5735745637397,-37.51305660655624,12.473684210526315,9.31578947368421,2.210526315789474,1382.4597928579194,155.17766545199265,4.2766801588617165,18.35371189334087,275360.99596460117,135245.28057878747,0.4911562732587364,0.0,0.6012548743291724,20,-6.847669745978843
temperature,fixed_low,5,abl_tau_fixed_transformer_hs128_nl3_ff256_cluster_balanced_bs32_lr0.0003_gc1_wd0.005_do0.2_adamw_warmup_cosine_two_stage_tau0.08_cop0.4_siw1_tvw1_vw2_sf1.5_vwslate_ramp_hp50_vtp50_hls1_hus1_vls1_vus1_seed5,2208.1141147753156,3600.748972802489,1457.799423170665,-65.16456514349109,16.210526315789473,7.157894736842105,0.631578947368421,1402.5119354427263,150.00102375799906,5.252297684292946,21.96184694644456,311206.39094374294,127022.26379759217,0.40816084596589824,0.0,0.6427050369341892,10,-0.4491571159305257
temperature,fixed_low,6,abl_tau_fixed_transformer_hs128_nl3_ff256_cluster_balanced_bs32_lr0.0003_gc1_wd0.005_do0.2_adamw_warmup_cosine_two_stage_tau0.08_cop0.4_siw1_tvw1_vw2_sf1.5_vwslate_ramp_hp50_vtp50_hls1_hus1_vls1_vus1_seed6,2113.8199254761143,3762.240926462836,1643.5743524479503,4.84664853877143,15.263157894736842,6.473684210526316,2.263157894736842,1272.8822550350858,151.8482973640057,4.512584367675069,17.430251630445895,325913.0077373332,101112.80224571047,0.31024475809569857,0.0,0.9445356740348404,10,-9.601891326635405
temperature,fixed_low,7,abl_tau_fixed_transformer_hs128_nl3_ff256_cluster_balanced_bs32_lr0.0003_gc1_wd0.005_do0.2_adamw_warmup_cosine_two_stage_tau0.08_cop0.4_siw1_tvw1_vw2_sf1.5_vwslate_ramp_hp50_vtp50_hls1_hus1_vls1_vus1_seed7,1979.2795910040556,3446.991723998872,1519.7334312526511,-52.021298257834026,14.526315789473685,5.7894736842105265,3.6842105263157894,1471.473999665239,153.86010936299863,4.610923840357971,16.294824895387713,349387.8503210118,200686.73590102833,0.574395290839795,0.0,0.9222675598903716,25,12.716998902589815
temperature,fixed_low,8,abl_tau_fixed_transformer_hs128_nl3_ff256_cluster_balanced_bs32_lr0.0003_gc1_wd0.005_do0.2_adamw_warmup_cosine_two_stage_tau0.08_cop0.4_siw1_tvw1_vw2_sf1.5_vwslate_ramp_hp50_vtp50_hls1_hus1_vls1_vus1_seed8,2247.3315833517227,3127.3771313152474,915.2555487749005,-35.21000081137607,13.578947368421053,8.68421052631579,1.736842105263158,1376.109160051302,153.2731822939968,4.833092265854296,18.34458415856046,364460.07624623255,148386.3666924921,0.4071402503692638,0.0,1.2022385694551394,25,24.28810055866992
temperature,fixed_low,9,abl_tau_fixed_transformer_hs128_nl3_ff256_cluster_balanced_bs32_lr0.0003_gc1_wd0.005_do0.2_adamw_warmup_cosine_two_stage_tau0.08_cop0.4_siw1_tvw1_vw2_sf1.5_vwslate_ramp_hp50_vtp50_hls1_hus1_vls1_vus1_seed9,2310.2482377106294,2876.133289062768,593.2073523971991,-27.322301045060158,11.894736842105264,9.526315789473685,2.5789473684210527,1195.0780722182667,158.02029482999933,4.547107105425216,18.840302052252042,324490.84157523746,132245.2582300717,0.4075469667744348,0.0,1.1247872202964617,25,9.381354373599994
